unidad,jurisdiccion_nombre,responde_a,unidad_fundamento,unidad_fundamento_enlace,unidad_fundamento_publicacion,unidad_enlace,autoridad_apellido,autoridad_nombre,autoridad_genero,autoridad_fundamento,autoridad_fundamento_enlace,autoridad_fecha_inicio
Ministerio de Justicia y Derechos Humanos,Ministerio de Justicia y Derechos Humanos,Gobernación de la Provincia de Buenos Aires,Ley 15477,https://normas.gba.gob.ar/ar-b/ley/2023/15477/406431,29/12/2023,https://www.gba.gob.ar/justicia_y_ddhh,MENA,Juan Martín ,Masculino,Decreto 10 B/2023,https://normas.gba.gob.ar/ar-b/decreto/2023/10b/403250,
"Subsecretaría Tecnica, Administrativa y Legal",Ministerio de Justicia y Derechos Humanos,Ministerio de Justicia y Derechos Humanos,Decreto 37/2020,https://normas.gba.gob.ar/documentos/Bjbjddsw.pdf,29/01/2020,https://www.gba.gob.ar/justicia_y_ddhh,VILLEGAS,Maitena Yanil,Femenino,Decreto 63/2024,https://normas.gba.gob.ar/ar-b/decreto/2024/63/411136,09/01/2024
Subsecretaría de Justicia ,Ministerio de Justicia y Derechos Humanos,Ministerio de Justicia y Derechos Humanos,Decreto 37/2020,https://normas.gba.gob.ar/documentos/Bjbjddsw.pdf,29/01/2020,https://www.gba.gob.ar/justicia_y_ddhh,PEREZ AZNAR,Inti Nahuel,Masculino,Decreto 72/2020,https://normas.gba.gob.ar/documentos/B3zEg3Hj.html,11/12/2019
"Subsecretaría de Planificación, Control de Gestión y Relaciones Institucionales ",Ministerio de Justicia y Derechos Humanos,Ministerio de Justicia y Derechos Humanos,Decreto 37/2020,https://normas.gba.gob.ar/documentos/Bjbjddsw.pdf,29/01/2020,https://www.gba.gob.ar/justicia_y_ddhh,_____,_,Masculino,,,
Subsecretaría de Política Penitenciaria,Ministerio de Justicia y Derechos Humanos,Ministerio de Justicia y Derechos Humanos,Decreto 37/2020,https://normas.gba.gob.ar/documentos/Bjbjddsw.pdf,29/01/2020,https://www.gba.gob.ar/justicia_y_ddhh,GONZALEZ HUESO,José Gervasio,Masculino,Decreto 980/2020,https://normas.gba.gob.ar/documentos/BE3rMRfn.pdf,01/10/2020
Subsecretaría de Política Criminal ,Ministerio de Justicia y Derechos Humanos,Ministerio de Justicia y Derechos Humanos,Decreto 37/2020,https://normas.gba.gob.ar/documentos/Bjbjddsw.pdf,29/01/2020,https://www.gba.gob.ar/justicia_y_ddhh,PELLEGRINI,Carlos Lisandro,Masculino,Decreto 62/2020,https://normas.gba.gov.ar/documentos/VNa8l8HM.html,03/02/2020
Subsecretaría de Derechos Humanos,Ministerio de Justicia y Derechos Humanos,Ministerio de Justicia y Derechos Humanos,Decreto 37/2020,https://normas.gba.gob.ar/documentos/Bjbjddsw.pdf,29/01/2020,https://www.gba.gob.ar/justicia_y_ddhh,MORENO,Matías Facundo,Masculino,Decreto 76/2020,https://normas.gba.gob.ar/documentos/05pJ9Pc5.html,01/01/2020
Subsecretaría de Transparencia Institucional,Ministerio de Justicia y Derechos Humanos,Ministerio de Justicia y Derechos Humanos,Decreto 662/2022,https://normas.gba.gob.ar/documentos/x6vMb3UY.pdf,27/06/2022,https://www.gba.gob.ar/justicia_y_ddhh/oti,RAMOS,Ana Laura,Femenino,Decreto 76/2020,https://normas.gba.gob.ar/documentos/05pJ9Pc5.html,11/12/2019
Subsecretaría de Control Interno,Ministerio de Justicia y Derechos Humanos,Ministerio de Justicia y Derechos Humanos,Decreto 1153/2020,https://normas.gba.gov.ar/documentos/087qXyTm.pdf,16/12/2020,https://www.gba.gob.ar/justicia_y_ddhh,CASTRO BERGAMIN ,Rayen Nazareno,Masculino,Decreto 104/2024,https://normas.gba.gob.ar/ar-b/decreto/2024/104/414006,11/01/2020
Subsecretaría de Planificación Estratégica ,Ministerio de Justicia y Derechos Humanos,Ministerio de Justicia y Derechos Humanos,Decreto 1153/2020,https://normas.gba.gov.ar/documentos/087qXyTm.pdf,16/12/2020,https://www.gba.gob.ar/justicia_y_ddhh,_____,_,Masculino,,,
Escribanía General de Gobierno,Ministerio de Justicia y Derechos Humanos,Ministerio de Justicia y Derechos Humanos,Decreto 2595/2011,https://normas.gba.gob.ar/documentos/xqeD8Spx.html,13/02/2012,https://www.gba.gob.ar/escribaniageneral,SIDOTI,Paula,Femenino,Decreto 146/2020,https://normas.gba.gob.ar/documentos/BeWJGPf7.html,01/03/2020
Patronato de Liberados Bonaerense,Ministerio de Justicia y Derechos Humanos,Ministerio de Justicia y Derechos Humanos,Decreto 658/2018,https://normas.gba.gob.ar/documentos/VWOAptGV.html,29/06/2018,http://www.plb.gba.gov.ar/,HNATIUK ,Aníbal Rolando ,Masculino,Decreto 58/2020,https://normas.gba.gov.ar/documentos/BK3p7ACn.pdf,01/01/2020
"Dirección Provincial de Comunicación, Ceremonial y Contenidos Institucionales",Ministerio de Justicia y Derechos Humanos,Ministerio de Justicia y Derechos Humanos,Decreto 3160/2024,https://normas.gba.gob.ar/ar-b/decreto/2024/3160/477196,,https://www.gba.gob.ar/justicia_y_ddhh,DAMIANI, Ignacio Gabriel,Masculino,Resolución 91/2024 del Ministerio de Justicia y Derechos Humanos,https://normas.gba.gob.ar/ar-b/resolucion/2024/91/413771,04/01/2024
Subsecretaría de Inclusión Penitenciaria,Ministerio de Justicia y Derechos Humanos,Ministerio de Justicia y Derechos Humanos,Decreto 662/2022,https://normas.gba.gob.ar/documentos/x6vMb3UY.pdf,27/06/2022,https://www.gba.gob.ar/justicia_y_ddhh,"_,_","_,_",Femenino,,,
Agencia de Asistencia Técnico Legislativa,Ministerio de Justicia y Derechos Humanos,Ministerio de Justicia y Derechos Humanos,Decreto 1153/2020,https://normas.gba.gov.ar/documentos/087qXyTm.pdf,16/12/2020,https://www.gba.gob.ar/justicia_y_ddhh,BARBUTO,Pablo Enrique,Masculino,Decreto 214/2024,https://normas.gba.gob.ar/ar-b/decreto/2024/214/423641,24/01/2024
Subsecretaría de Inclusión Laboral y Comunitaria de Personas en Conflicto con la Ley Penal,Ministerio de Justicia y Derechos Humanos,Ministerio de Justicia y Derechos Humanos,Decreto 204/2024,https://normas.gba.gob.ar/ar-b/decreto/2024/204/420026,,https://www.gba.gob.ar/justicia_y_ddhh,CALANDRA,Nora Laura ,Femenino,Decreto 353/2024,https://normas.gba.gob.ar/ar-b/decreto/2024/353/427211,01/03/2024
SUBSECRETARÍA DE INCLUSIÓN EDUCATIVA DE PERSONAS EN CONFLICTO CON LA LEY PENAL,Ministerio de Justicia y Derechos Humanos,Ministerio de Justicia y Derechos Humanos,Decreto 204/2024,https://normas.gba.gob.ar/ar-b/decreto/2024/204/420026,,https://www.gba.gob.ar/justicia_y_ddhh,RAO,Diego Ignacio,Masculino,Decreto 327/2024,https://normas.gba.gob.ar/ar-b/decreto/2024/327/425452,01/03/2024
UNIDAD PROVINCIAL ESPECIALIZADA PARA LA BÚSQUEDA DE PERSONAS APROPIADAS DURANTE LA ÚLTIMA DICTADURA CÍVICO-MILITAR,Ministerio de Justicia y Derechos Humanos,Ministerio de Justicia y Derechos Humanos,Decreto 3160/2024,https://normas.gba.gob.ar/ar-b/decreto/2024/3160/477196,,https://www.gba.gob.ar/justicia_y_ddhh,CARLOTTO, Claudia Susana,Femenino,Resolución 3/2025 del Ministerio de Justicia y Derechos Humanos,https://normas.gba.gob.ar/ar-b/resolucion/2025/3/482432,11/12/2024
Dirección General de Administración ,Ministerio de Justicia y Derechos Humanos,"Subsecretaría Tecnica, Administrativa y Legal",Decreto 37/2020,https://normas.gba.gob.ar/documentos/Bjbjddsw.pdf,29/01/2020,https://www.gba.gob.ar/justicia_y_ddhh,IRIART,Germán,Masculino,Resolución 140/2024 del Ministerio de Justicia y Derechos Humanos,https://normas.gba.gob.ar/ar-b/resolucion/2024/140/416836,01/02/2024
Dirección Provincial de Apoyo Logístico,Ministerio de Justicia y Derechos Humanos,"Subsecretaría Tecnica, Administrativa y Legal",Decreto 37/2020,https://normas.gba.gob.ar/documentos/Bjbjddsw.pdf,29/01/2020,https://www.gba.gob.ar/justicia_y_ddhh,REPETTO,Juan Manuel ,Masculino,Resolución 115/2024 del Ministerio de Justicia y Derechos Humanos,https://normas.gba.gob.ar/ar-b/resolucion/2024/115/415728,19/01/2024
Dirección Provincial de Informática y Comunicaciones,Ministerio de Justicia y Derechos Humanos,"Subsecretaría Tecnica, Administrativa y Legal",Decreto 1153/2020,https://normas.gba.gov.ar/documentos/087qXyTm.pdf,16/12/2020,https://www.gba.gob.ar/justicia_y_ddhh,SANTIN,David Esteban ,Masculino,Resolución 1259/2024 del Ministerio de Justicia y Derechos Humanos,https://normas.gba.gob.ar/ar-b/resolucion/2024/1259/449469,01/07/2024
Dirección Provincial de Infraestructura,Ministerio de Justicia y Derechos Humanos,"Subsecretaría Tecnica, Administrativa y Legal",Decreto 662/2022,https://normas.gba.gob.ar/documentos/x6vMb3UY.pdf,27/06/2022,https://www.gba.gob.ar/justicia_y_ddhh,BELLA,Carlos Alberto ,Masculino,Resolución 1286/2024 del Ministerio de Justicia y Derechos Humanos,https://normas.gba.gob.ar/ar-b/resolucion/2024/1286/450735,06/08/2024
Dirección Provincial Técnica y Jurídica,Ministerio de Justicia y Derechos Humanos,"Subsecretaría Tecnica, Administrativa y Legal",Decreto 662/2022,https://normas.gba.gob.ar/documentos/x6vMb3UY.pdf,27/06/2022,https://www.gba.gob.ar/justicia_y_ddhh,GARCIA,Alfredo Ezequiel,Masculino,Resolución 106/2024 del Ministerio de Justicia y Derechos Humanos,https://normas.gba.gob.ar/ar-b/resolucion/2024/106/415082,19/01/2024
Unidad Ejecutora de Proyectos con Financiamiento Internacional,Ministerio de Justicia y Derechos Humanos,"Subsecretaría Tecnica, Administrativa y Legal",Decreto 1153/2020,https://normas.gba.gov.ar/documentos/087qXyTm.pdf,16/12/2020,https://www.gba.gob.ar/justicia_y_ddhh,,,,,,
DIRECCIÓN GENERAL DE ADMINISTRACIÓN DE PERSONAL,Ministerio de Justicia y Derechos Humanos,"Subsecretaría Tecnica, Administrativa y Legal",Decreto 662/2022,https://normas.gba.gob.ar/documentos/x6vMb3UY.pdf,27/06/2022,https://www.gba.gob.ar/justicia_y_ddhh,POLO,Emmanuel,Masculino,Resolución 972/2024 del Ministerio de Justicia y Derechos Humanos,https://normas.gba.gob.ar/ar-b/resolucion/2024/972/443482,01/07/2024
"Dirección de Despacho, Protocolo, Registro y Mesa General de Entredas",Ministerio de Justicia y Derechos Humanos,"Subsecretaría Tecnica, Administrativa y Legal",Decreto 3160/2024,https://normas.gba.gob.ar/ar-b/decreto/2024/3160/477196,,https://www.gba.gob.ar/justicia_y_ddhh,,,,,,
Dirección Provincial de Mediación,Ministerio de Justicia y Derechos Humanos,Subsecretaría de Justicia ,Decreto 37/2020,https://normas.gba.gob.ar/documentos/Bjbjddsw.pdf,29/01/2020,https://www.gba.gob.ar/justicia_y_ddhh,VAZQUEZ,Lucía,Femenino,Resolución 161/2020 del Ministerio de Justicia y Derechos Humanos,https://normas.gba.gob.ar/documentos/0P3GW5H7.pdf,01/02/2020
Dirección Provincial de Acceso a la Justicia y Asistencia a la Víctima,Ministerio de Justicia y Derechos Humanos,Subsecretaría de Justicia ,Decreto 37/2020,https://normas.gba.gob.ar/documentos/Bjbjddsw.pdf,29/01/2020,https://www.gba.gob.ar/justicia_y_ddhh/asistencia_victima_y_trata/asistencia_victima,"_,_","_,_",Femenino,,,
Dirección Provincial de Personas Jurídicas,Ministerio de Justicia y Derechos Humanos,Subsecretaría de Justicia ,Decreto 37/2020,https://normas.gba.gob.ar/documentos/Bjbjddsw.pdf,29/01/2020,https://www.gba.gob.ar/dppj,GARCIA,Silvia Andrea,Femenino,Resolución 105/2024 del Ministerio de Justicia y Derechos Humanos,https://normas.gba.gob.ar/ar-b/resolucion/2024/105/415080,31/01/2024
Dirección Provincial de Relaciones con la Justicia y Entidades Profesionales,Ministerio de Justicia y Derechos Humanos,Subsecretaría de Justicia ,Decreto 37/2020,https://normas.gba.gob.ar/documentos/Bjbjddsw.pdf,29/01/2020,https://www.gba.gob.ar/justicia_y_ddhh,LAURITO,Julio Cesar,Masculino,Resolución 225/2020 del Ministerio de Justicia y Derechos Humanos,https://normas.gba.gob.ar/documentos/B7OgbAiK.pdf,11/12/2019
Dirección Provincial de Coordinación de Justicia,Ministerio de Justicia y Derechos Humanos,Subsecretaría de Justicia ,Decreto 1153/2020,https://normas.gba.gov.ar/documentos/087qXyTm.pdf,16/12/2020,https://www.gba.gob.ar/justicia_y_ddhh,DE MARIN,Luis Alberto,Masculino,Resolución 161/2020 del Ministerio de Justicia y Derechos Humanos,https://normas.gba.gob.ar/documentos/0P3GW5H7.pdf,11/12/2019
Dirección Provincial de Acceso a la Justicia,Ministerio de Justicia y Derechos Humanos,Subsecretaría de Justicia ,Decreto 3160/2024,https://normas.gba.gob.ar/ar-b/decreto/2024/3160/477196,,https://www.gba.gob.ar/justicia_y_ddhh,,,,,,
Dirección Provincial de Asistencia a la Víctima,Ministerio de Justicia y Derechos Humanos,Subsecretaría de Justicia ,Decreto 3160/2024,https://normas.gba.gob.ar/ar-b/decreto/2024/3160/477196,,https://www.gba.gob.ar/justicia_y_ddhh,VILADRICH,Mariel,Femenino,Resolución 243/2025 del Ministerio de Justicia y Derechos Humanos,https://normas.gba.gob.ar/ar-b/resolucion/2025/243/492544,01/02/2025
Dirección Provincial de Cooperación Estratégica y Evaluación de Proyectos,Ministerio de Justicia y Derechos Humanos,"Subsecretaría de Planificación, Control de Gestión y Relaciones Institucionales ",Decreto 3160/2024,https://normas.gba.gob.ar/ar-b/decreto/2024/3160/477196,,https://www.gba.gob.ar/justicia_y_ddhh,LAICI , María Luz,Femenino,Resolución 107/2024 del Ministerio de Justicia y Derechos Humanos,https://normas.gba.gob.ar/ar-b/resolucion/2024/107/415083,24/01/2024
DIRECCIÓN PROVINCIAL DE PLANIFICACIÓN,Ministerio de Justicia y Derechos Humanos,"Subsecretaría de Planificación, Control de Gestión y Relaciones Institucionales ",Decreto 1153/2020,https://normas.gba.gov.ar/documentos/087qXyTm.pdf,16/12/2020,https://www.gba.gob.ar/justicia_y_ddhh,BERMUDEZ,María Lorena,Femenino,Resolución 249/2021 del Ministerio de Justicia y Derechos Humanos,https://normas.gba.gob.ar/ar-b/resolucion/2021/249/242001,16/12/2020
Dirección Provincial de Acción Social del Servicio Penitenciario Bonaerense,Ministerio de Justicia y Derechos Humanos,Subsecretaría de Política Penitenciaria,Decreto 37/2020,https://normas.gba.gob.ar/documentos/Bjbjddsw.pdf,29/01/2020,https://www.gba.gob.ar/justicia_y_ddhh,DEL GIORGIO,Jesús,Masculino,Resolución 51/2020 del Ministerio de Justicia y Derechos Humanos,https://normas.gba.gob.ar/documentos/xDyWZZSK.pdf,11/12/2019
Dirección Provincial de Política y Gestión Penitenciaria,Ministerio de Justicia y Derechos Humanos,Subsecretaría de Política Penitenciaria,Decreto 662/2022,https://normas.gba.gob.ar/documentos/x6vMb3UY.pdf,27/06/2022,https://www.gba.gob.ar/justicia_y_ddhh,ROSSI,Dina,Femenino,Resolución 604/2020 del Ministerio de Justicia y Derechos Humanos,https://normas.gba.gob.ar/documentos/xqz59DHj.pdf,01/08/2020
Dirección Provincial de Política y Gestión Penitenciaria,Ministerio de Justicia y Derechos Humanos,Subsecretaría de Política Penitenciaria,Decreto 1153/2020,https://normas.gba.gov.ar/documentos/087qXyTm.pdf,16/12/2020,https://www.gba.gob.ar/justicia_y_ddhh,,,,,,
Auditoría de Asuntos Internos del Servicio Penitenciario Bonaerense,Ministerio de Justicia y Derechos Humanos,Subsecretaría de Política Penitenciaria,Decreto 37/2020,https://normas.gba.gob.ar/documentos/Bjbjddsw.pdf,29/01/2020,https://www.gba.gob.ar/justicia_y_ddhh,NAPOLI,Paula Daniela,Femenino,Resolución 547/2020 del Ministerio de Justicia y Derechos Humanos,https://normas.gba.gob.ar/documentos/Vwy5aGi5.pdf,
 Servicio Penitenciario Bonaerense Jefatura,Ministerio de Justicia y Derechos Humanos,Subsecretaría de Política Penitenciaria,Decreto 3392/2009,https://normas.gba.gob.ar/documentos/05KQ6t5B.html,29/04/2010,http://www.spb.gba.gov.ar/site/index.php/,ARESES, Xavier Renán,Masculino,Decreto 378/2018,http://www.gob.gba.gov.ar/intranet/digesto/PDF/D0378-18.pdf,25/04/2018
Dirección Provincial de Coordinación de Alcaidías Departamentales ,Ministerio de Justicia y Derechos Humanos,Subsecretaría de Política Penitenciaria,Decreto 1153/2020,https://normas.gba.gov.ar/documentos/087qXyTm.pdf,16/12/2020,https://www.gba.gob.ar/justicia_y_ddhh,_____,_,Masculino,,,
Dirección Provincial de Coordinación de Alcaidías Departamentales,Ministerio de Justicia y Derechos Humanos,Subsecretaría de Política Penitenciaria,Decreto 1153/2020,https://normas.gba.gov.ar/documentos/087qXyTm.pdf,16/12/2020,https://www.gba.gob.ar/justicia_y_ddhh,,,,,,
Dirección Provincial de Salud Penitenciaria,Ministerio de Justicia y Derechos Humanos,Subsecretaría de Política Penitenciaria,Decreto 37/2020,https://normas.gba.gob.ar/documentos/Bjbjddsw.pdf,29/01/2020,https://www.gba.gob.ar/justicia_y_ddhh,STAGNARO ,Juan Pablo,Masculino,Resolución 1959/2022 del Ministerio de Justicia y Derechos Humanos,https://normas.gba.gob.ar/ar-b/resolucion/2022/1959/327001,01/11/2022
DIRECCIÓN PROVINCIAL DE ALTERNATIVA DE LA PENA Y VIDEO VIGILANCIA,Ministerio de Justicia y Derechos Humanos,Subsecretaría de Política Penitenciaria,Decreto 662/2022,https://normas.gba.gob.ar/documentos/x6vMb3UY.pdf,27/06/2022,https://www.gba.gob.ar/justicia_y_ddhh,,,,,,
Dirección Provincial de Relaciones con la Administración de Justicia y de Gestión de Conflictividades,Ministerio de Justicia y Derechos Humanos,Subsecretaría de Política Criminal ,Decreto 37/2020,https://normas.gba.gob.ar/documentos/Bjbjddsw.pdf,29/01/2020,https://www.gba.gob.ar/justicia_y_ddhh,,,,,,
Dirección de Relaciones con la Administración de Justicia y la Prevención del Delito,Ministerio de Justicia y Derechos Humanos,Subsecretaría de Política Criminal ,Decreto 1153/2020,https://normas.gba.gov.ar/documentos/087qXyTm.pdf,16/12/2020,https://www.gba.gob.ar/justicia_y_ddhh,,,,,,
Dirección Provincial de Gestión Integral de las Conflictividades,Ministerio de Justicia y Derechos Humanos,Subsecretaría de Política Criminal ,Decreto 3160/2024,https://normas.gba.gob.ar/ar-b/decreto/2024/3160/477196,,https://www.gba.gob.ar/justicia_y_ddhh,APPELLA,Gabriel Oscar,Masculino,Resolución 915/2023 del Ministerio de Justicia y Derechos Humanos,https://normas.gba.gob.ar/ar-b/resolucion/2023/915/360827,02/05/2023
Dirección Provincial Contra el Delito Complejo,Ministerio de Justicia y Derechos Humanos,Subsecretaría de Política Criminal ,Decreto 3160/2024,https://normas.gba.gob.ar/ar-b/decreto/2024/3160/477196,,https://www.gba.gob.ar/justicia_y_ddhh,ANDRIOLI,Ignacio Nicolás,Masculino,Resolución 1176/2025 del Ministerio de Justicia y Derechos Humanos,https://normas.gba.gob.ar/ar-b/resolucion/2025/1176/532676,23/07/2025
Dirección Provincial Contra la Trata y Explotación de Personas,Ministerio de Justicia y Derechos Humanos,Subsecretaría de Política Criminal ,Decreto 3160/2024,https://normas.gba.gob.ar/ar-b/decreto/2024/3160/477196,,https://www.gba.gob.ar/justicia_y_ddhh,,,,,,
Dirección Provincial de Políticas Reparatorias,Ministerio de Justicia y Derechos Humanos,Subsecretaría de Derechos Humanos,Decreto 37/2020,https://normas.gba.gob.ar/documentos/Bjbjddsw.pdf,29/01/2020,https://www.gba.gob.ar/justicia_y_ddhh,_____,_,Masculino,,,
Dirección de Querellas por Crímenes de Lesa Humanidad,Ministerio de Justicia y Derechos Humanos,Subsecretaría de Derechos Humanos,Decreto 3160/2024,https://normas.gba.gob.ar/ar-b/decreto/2024/3160/477196,,https://www.gba.gob.ar/justicia_y_ddhh,BOGLIANO,Verónica,Femenino,Resolución 174/2020 del Ministerio de Justicia y Derechos Humanos,https://normas.gba.gob.ar/documentos/VWWDEzcY.pdf,01/02/2020
Dirección Provincial de Producción de Contenidos y Difusión de Derechos Humanos,Ministerio de Justicia y Derechos Humanos,Subsecretaría de Derechos Humanos,Decreto 37/2020,https://normas.gba.gob.ar/documentos/Bjbjddsw.pdf,29/01/2020,"",ARIAS,Silvina Natalia,Femenino,Resolución 1560/2022 del Ministerio de Justicia y Derechos Humanos,https://normas.gba.gob.ar/documentos/BM4G82Sa.pdf,01/07/2022
Consejo Provincial de Asuntos Indígenas,Ministerio de Justicia y Derechos Humanos,Subsecretaría de Derechos Humanos,Decreto 3631/2007,https://normas.gba.gob.ar/documentos/xA3mksoV.html,18/12/2007,https://www.gba.gob.ar/justicia_y_ddhh,SOSA,Nehuen Raiquén,Masculino,Resolución 351/2020 del Ministerio de Justicia y Derechos Humanos,https://normas.gba.gob.ar/documentos/BO82WWFy.pdf,01/05/2020
Dirección Provincial de Promoción y Formación en Derechos Humanos,Ministerio de Justicia y Derechos Humanos,Subsecretaría de Derechos Humanos,Decreto 37/2020,https://normas.gba.gob.ar/documentos/Bjbjddsw.pdf,29/01/2020,https://www.gba.gob.ar/justicia_y_ddhh,_____,_,Masculino,,,
Dirección Provincial de Protección de Derechos Humanos,Ministerio de Justicia y Derechos Humanos,Subsecretaría de Derechos Humanos,Decreto 37/2020,https://normas.gba.gob.ar/documentos/Bjbjddsw.pdf,29/01/2020,https://www.gba.gob.ar/justicia_y_ddhh,GIURLEO,Pablo Martin,Masculino,Resolución 174/2020 del Ministerio de Justicia y Derechos Humanos,https://normas.gba.gob.ar/documentos/VWWDEzcY.pdf,
Dirección Provincial de Programas para el Desarrollo Socio Comunitario en Derechos Humanos,Ministerio de Justicia y Derechos Humanos,Subsecretaría de Derechos Humanos,Decreto 37/2020,https://normas.gba.gob.ar/documentos/Bjbjddsw.pdf,29/01/2020,https://www.gba.gob.ar/justicia_y_ddhh,"_,_","_,_",Femenino,,,
DIRECCIÓN PROVINCIAL DEL ARCHIVO PROVINCIAL DE LA MEMORIA,Ministerio de Justicia y Derechos Humanos,Subsecretaría de Derechos Humanos,Decreto 662/2022,https://normas.gba.gob.ar/documentos/x6vMb3UY.pdf,27/06/2022,https://www.gba.gob.ar/justicia_y_ddhh, BAIBIENE,Ramón Mariano,Masculino,Resolución 372/2025 del Ministerio de Justicia y Derechos Humanos,https://normas.gba.gob.ar/ar-b/resolucion/2025/372/495397,11/02/2025
"Dirección Provincial de Coordinación Estratégica, Fortalecimiento y Articulación Institucional ",Ministerio de Justicia y Derechos Humanos,Subsecretaría de Derechos Humanos,Decreto 3160/2024,https://normas.gba.gob.ar/ar-b/decreto/2024/3160/477196,,https://www.gba.gob.ar/justicia_y_ddhh,VEGA,Angélica Marina,Femenino,Resolución 50/2025 del Ministerio de Justicia y Derechos Humanos,https://normas.gba.gob.ar/ar-b/resolucion/2025/50/485418,12/12/2024
"Dirección Provincial de Asesoramiento, Asistencia e Intervención en Materia de Derechos Humanos ",Ministerio de Justicia y Derechos Humanos,Subsecretaría de Derechos Humanos,Decreto 3160/2024,https://normas.gba.gob.ar/ar-b/decreto/2024/3160/477196,,https://www.gba.gob.ar/justicia_y_ddhh,MADERA,Ramiro Gastón,Masculino,Resolución 29/2025 del Ministerio de Justicia y Derechos Humanos,https://normas.gba.gob.ar/ar-b/resolucion/2025/29/485387,11/12/2024
"Dirección Provincial de Transparencia, Ética Pública y Anticorrupción",Ministerio de Justicia y Derechos Humanos,Subsecretaría de Transparencia Institucional,Decreto 37/2020,https://normas.gba.gob.ar/documentos/Bjbjddsw.pdf,29/01/2020,https://www.gba.gob.ar/justicia_y_ddhh,MONGIARDINO,Marcela,Femenino,Resolución 1705/2022 del Ministerio de Justicia y Derechos Humanos,https://normas.gba.gob.ar/documentos/Bj6LYntw.pdf,13/09/2022
Dirección Provincial de Fiscalización y Auditoría,Ministerio de Justicia y Derechos Humanos,Subsecretaría de Control Interno,Decreto 37/2020,https://normas.gba.gob.ar/documentos/Bjbjddsw.pdf,29/01/2020,https://www.gba.gob.ar/justicia_y_ddhh,SISTI,Pedro Luis,Masculino,Resolución 367/2024 del Ministerio de Justicia y Derechos Humanos,https://normas.gba.gob.ar/ar-b/resolucion/2024/367/425802,11/03/2024
Escribanía General de Gobierno Adscripta Superior,Ministerio de Justicia y Derechos Humanos,Escribanía General de Gobierno,Decreto 2595/2011,https://normas.gba.gob.ar/documentos/xqeD8Spx.html,13/02/2012,https://www.gba.gob.ar/escribaniageneral,BLANCO,Cibiana Nelly,Femenino,Decreto 1041/2021,https://normas.gba.gov.ar/documentos/Bo27rRCl.pdf,28/10/2021
"DIRECCIÓN PROVINCIAL DE PLANIFICACIÓN, COORDINACIÓN Y CONTROL DE GESTIÓN",Ministerio de Justicia y Derechos Humanos,Patronato de Liberados Bonaerense,Decreto 658/2018,https://normas.gba.gob.ar/documentos/VWOAptGV.html,29/06/2018,http://www.plb.gba.gov.ar/,FERRERO VERZULLI,Ada,Femenino,Resolución 28/2025 del Patronato de Liberados,https://normas.gba.gob.ar/ar-b/resolucion/2025/28/494469,01/01/2025
DIRECCIÓN PROVINCIAL DE EJECUCIÓN PENAL EN LIBERTAD,Ministerio de Justicia y Derechos Humanos,Patronato de Liberados Bonaerense,Decreto 658/2018,https://normas.gba.gob.ar/documentos/VWOAptGV.html,29/06/2018,http://www.plb.gba.gov.ar/,RODRIGUEZ,Ariel Ernesto,Masculino,Decreto 330/2020,https://normas.gba.gob.ar/documentos/0P36ort7.pdf,01/01/2020
DIRECCIÓN PROVINCIAL DE REGIONES,Ministerio de Justicia y Derechos Humanos,Patronato de Liberados Bonaerense,Decreto 658/2018,https://normas.gba.gob.ar/documentos/VWOAptGV.html,29/06/2018,http://www.plb.gba.gov.ar/,PLANTAMURA,Joaquín,Masculino,Resolución 224/2025 del Patronato de Liberados Bonaerense,https://normas.gba.gob.ar/ar-b/resolucion/2025/224/529587,11/07/2025
DIRECCIÓN GENERAL DE ADMINISTRACIÓN,Ministerio de Justicia y Derechos Humanos,Patronato de Liberados Bonaerense,Decreto 658/2018,https://normas.gba.gob.ar/documentos/VWOAptGV.html,29/06/2018,http://www.plb.gba.gov.ar/,CASTILLO,Emanuel Norberto,Masculino,Decreto 226/2022,https://normas.gba.gob.ar/documentos/04Xeg4fN.pdf,18/01/2022
Dirección de Prensa y Difusión Institucional,Ministerio de Justicia y Derechos Humanos,"Dirección Provincial de Comunicación, Ceremonial y Contenidos Institucionales",Decreto 37/2020,https://normas.gba.gob.ar/documentos/Bjbjddsw.pdf,29/01/2020,https://www.gba.gob.ar/justicia_y_ddhh,_____,_,Masculino,,,
Dirección de Planificación Comunicacional y Contenidos,Ministerio de Justicia y Derechos Humanos,"Dirección Provincial de Comunicación, Ceremonial y Contenidos Institucionales",Decreto 37/2020,https://normas.gba.gob.ar/documentos/Bjbjddsw.pdf,29/01/2020,https://www.gba.gob.ar/justicia_y_ddhh,MARANZANA,María Paula,Femenino,Resolución 569/2024 del Ministerio de Justicia y Derechos Humanos,https://normas.gba.gob.ar/ar-b/resolucion/2024/569/431015,01/04/2024
Dirección de Ceremonial y Protocolo,Ministerio de Justicia y Derechos Humanos,"Dirección Provincial de Comunicación, Ceremonial y Contenidos Institucionales",Decreto 37/2020,https://normas.gba.gob.ar/documentos/Bjbjddsw.pdf,29/01/2020,https://www.gba.gob.ar/justicia_y_ddhh,FLORES,Cristian Javier,Masculino,Resolución 220/2020 del Ministerio de Justicia y Derechos Humanos,https://normas.gba.gob.ar/documentos/BdaXrbUO.pdf,29/01/2020
Dirección de Políticas de Educación y Formación Laboral,Ministerio de Justicia y Derechos Humanos,Subsecretaría de Inclusión Penitenciaria,Decreto 37/2020,https://normas.gba.gob.ar/documentos/Bjbjddsw.pdf,29/01/2020,https://www.gba.gob.ar/justicia_y_ddhh,_____,_,Masculino,,,
Dirección de Promoción y Protección de los Derechos de las Personas Privadas de la Libertad,Ministerio de Justicia y Derechos Humanos,Subsecretaría de Inclusión Penitenciaria,Decreto 37/2020,https://normas.gba.gob.ar/documentos/Bjbjddsw.pdf,29/01/2020,https://www.gba.gob.ar/justicia_y_ddhh,,,,,,
"Dirección Provincial de Producción, Trabajo y Formación Laboral en Contexto de Encierro",Ministerio de Justicia y Derechos Humanos,Subsecretaría de Inclusión Penitenciaria,Decreto 204/2024,https://normas.gba.gob.ar/ar-b/decreto/2024/204/420026,,https://www.gba.gob.ar/justicia_y_ddhh,,,,,,
DIRECCIÓN DE ASUNTOS LEGISLATIVOS,Ministerio de Justicia y Derechos Humanos,Agencia de Asistencia Técnico Legislativa,Decreto 662/2022,https://normas.gba.gob.ar/documentos/x6vMb3UY.pdf,27/06/2022,https://www.gba.gob.ar/justicia_y_ddhh,BADOZA,Joaquín Gerardo,Masculino,Resolución 628/2024 del Ministerio de Justicia y Derechos Humanos,https://normas.gba.gob.ar/ar-b/resolucion/2024/628/433114,01/05/2024
"Dirección Provincial de Producción, Trabajo y Formación Laboral en Contexto de Encierro",Ministerio de Justicia y Derechos Humanos,Subsecretaría de Inclusión Laboral y Comunitaria de Personas en Conflicto con la Ley Penal,Decreto 204/2024,https://normas.gba.gob.ar/ar-b/decreto/2024/204/420026,,https://www.gba.gob.ar/justicia_y_ddhh,BASILE,Tristán Pablo,Masculino,Resolución 502/2024 del Ministerio de Justicia y Derechos Humanos,https://normas.gba.gob.ar/ar-b/resolucion/2024/502/429135,01/03/2024
DIRECCIÓN PROVINCIAL DE ABORDAJE INTEGRAL Y MEDIDAS ALTERNATIVAS,Ministerio de Justicia y Derechos Humanos,Subsecretaría de Inclusión Laboral y Comunitaria de Personas en Conflicto con la Ley Penal,Decreto 204/2024,https://normas.gba.gob.ar/ar-b/decreto/2024/204/420026,,https://www.gba.gob.ar/justicia_y_ddhh,CUBILLA,Hugo Waldemar,Masculino,Resolución 710/2024 del Ministerio de Justicia y Derechos Humanos,https://normas.gba.gob.ar/ar-b/resolucion/2024/710/435768,01/03/2024
DIRECCIÓN PROVINCIAL DE ENLACE COMUNITARIO,Ministerio de Justicia y Derechos Humanos,Subsecretaría de Inclusión Laboral y Comunitaria de Personas en Conflicto con la Ley Penal,Decreto 204/2024,https://normas.gba.gob.ar/ar-b/decreto/2024/204/420026,,https://www.gba.gob.ar/justicia_y_ddhh,CANONI,Fiorella ,Femenino,Resolución 456/2024 del Ministerio de Justicia y Derechos Humanos,https://normas.gba.gob.ar/ar-b/resolucion/2024/456/428207,01/03/2024
"Dirección Provincial de Identidad, Educación y Deportes en Contexto de Encierro",Ministerio de Justicia y Derechos Humanos,SUBSECRETARÍA DE INCLUSIÓN EDUCATIVA DE PERSONAS EN CONFLICTO CON LA LEY PENAL,Decreto 204/2024,https://normas.gba.gob.ar/ar-b/decreto/2024/204/420026,,https://www.gba.gob.ar/justicia_y_ddhh,_____,_,Masculino,,,
Dirección de Compras y Contrataciones,Ministerio de Justicia y Derechos Humanos,Dirección General de Administración ,Decreto 37/2020,https://normas.gba.gob.ar/documentos/Bjbjddsw.pdf,29/01/2020,https://www.gba.gob.ar/justicia_y_ddhh,SARAFOGLU,Guillermo Jorge,Masculino,Resolución 400/2024 del Ministerio de Justicia y Derechos Humanos,https://normas.gba.gob.ar/ar-b/resolucion/2024/400/426759,11/03/2024
Dirección de Presupuesto y Administración Contable,Ministerio de Justicia y Derechos Humanos,Dirección General de Administración ,Decreto 37/2020,https://normas.gba.gob.ar/documentos/Bjbjddsw.pdf,29/01/2020,https://www.gba.gob.ar/justicia_y_ddhh,MARCHUETA,Julia Graciela,Femenino,Resolución 107/2020 del Ministerio de Justicia y Derechos Humanos,https://normas.gba.gob.ar/documentos/xk2rDqtR.pdf,01/02/2020
Dirección de Finanzas,Ministerio de Justicia y Derechos Humanos,Dirección General de Administración ,Decreto 37/2020,https://normas.gba.gob.ar/documentos/Bjbjddsw.pdf,29/01/2020,https://www.gba.gob.ar/justicia_y_ddhh,PAGANI,Gonzalo,Masculino,Resolución 401/2024 del Ministerio de Justicia y Derechos Humanos,https://normas.gba.gob.ar/ar-b/resolucion/2024/401/426760,11/03/2024
Dirección de Liquidaciones y Sueldos,Ministerio de Justicia y Derechos Humanos,Dirección General de Administración ,Decreto 37/2020,https://normas.gba.gob.ar/documentos/Bjbjddsw.pdf,29/01/2020,https://www.gba.gob.ar/justicia_y_ddhh,FERNANDEZ,Pablo Adrián,Masculino,Resolución 577/2024 del Ministerio de Justicia y Derechos Humanos,https://normas.gba.gob.ar/ar-b/resolucion/2024/577/431468,01/04/2024
Dirección de Gestión y Control,Ministerio de Justicia y Derechos Humanos,Dirección General de Administración ,Decreto 662/2022,https://normas.gba.gob.ar/documentos/x6vMb3UY.pdf,27/06/2022,https://www.gba.gob.ar/justicia_y_ddhh,ACETO BENITEZ,Juan Manuel,Masculino,Resolución 128/2024 del Ministerio de Justicia y Derechos Humanos,https://normas.gba.gob.ar/ar-b/resolucion/2024/128/415923,01/02/2024
"Dirección de Suministros, Abastecimiento y Automotores",Ministerio de Justicia y Derechos Humanos,Dirección Provincial de Apoyo Logístico,Decreto 37/2020,https://normas.gba.gob.ar/documentos/Bjbjddsw.pdf,29/01/2020,https://www.gba.gob.ar/justicia_y_ddhh,_____,_,Masculino,,,
Dirección de Apoyo Logístico,Ministerio de Justicia y Derechos Humanos,Dirección Provincial de Apoyo Logístico,Decreto 37/2020,https://normas.gba.gob.ar/documentos/Bjbjddsw.pdf,29/01/2020,https://www.gba.gob.ar/justicia_y_ddhh,TARRADELLAS, Gonzalo Raúl,Masculino,Resolución 1239/2026 del Ministerio de Justicia y Derechos Humanos,https://normas.gba.gob.ar/ar-b/resolucion/2026/1239/600648,01/06/2026
Dirección de Desarrollo,Ministerio de Justicia y Derechos Humanos,Dirección Provincial de Informática y Comunicaciones,Decreto 662/2022,https://normas.gba.gob.ar/documentos/x6vMb3UY.pdf,27/06/2022,https://www.gba.gob.ar/justicia_y_ddhh,COSTANZO ,Pablo Marcelo,Masculino,Resolución 1090/2025 del Ministerio de Justicia y Derechos Humanos,https://normas.gba.gob.ar/ar-b/resolucion/2025/1090/531027,01/07/2025
DIRECCIÓN DE INFRAESTRUCTURA Y COMUNICACIONES,Ministerio de Justicia y Derechos Humanos,Dirección Provincial de Informática y Comunicaciones,Decreto 662/2022,https://normas.gba.gob.ar/documentos/x6vMb3UY.pdf,27/06/2022,https://www.gba.gob.ar/justicia_y_ddhh,DEMARCO,Alejandro,Masculino,Resolución 1090/2025 del Ministerio de Justicia y Derechos Humanos,https://normas.gba.gob.ar/ar-b/resolucion/2025/1090/531027,01/07/2025
DIRECCIÓN DE ESTRATEGIA Y PROCESOS TECNOLÓGICOS,Ministerio de Justicia y Derechos Humanos,Dirección Provincial de Informática y Comunicaciones,Decreto 662/2022,https://normas.gba.gob.ar/documentos/x6vMb3UY.pdf,27/06/2022,https://www.gba.gob.ar/justicia_y_ddhh,VERANO,Tomás,Masculino,Resolución 941/2026 del Ministerio de Justicia y Derechos Humanos,https://normas.gba.gob.ar/ar-b/resolucion/2026/941/585123,01/03/2026
Dirección de Coordinación Ejecutiva de Obras,Ministerio de Justicia y Derechos Humanos,Dirección Provincial de Infraestructura,Decreto 662/2022,https://normas.gba.gob.ar/documentos/x6vMb3UY.pdf,27/06/2022,https://www.gba.gob.ar/justicia_y_ddhh,SCREPIS,Nicolás,Masculino,Resolución 2315/2024 del Ministerio de Justicia y Derechos Humanos,https://normas.gba.gob.ar/ar-b/resolucion/2024/2315/469923,01/09/2024
Dirección de Coordinación Administrativa,Ministerio de Justicia y Derechos Humanos,Dirección Provincial de Infraestructura,Decreto 662/2022,https://normas.gba.gob.ar/documentos/x6vMb3UY.pdf,27/06/2022,https://www.gba.gob.ar/justicia_y_ddhh,GURINA,Mirna Elizabet,Femenino,Resolución 1598/2024 del Ministerio de Justicia y Derechos Humanos,https://normas.gba.gob.ar/ar-b/resolucion/2024/1598/458563,01/09/2024
Dirección de Planificación y Seguimiento de Proyectos,Ministerio de Justicia y Derechos Humanos,Dirección Provincial de Infraestructura,Decreto 662/2022,https://normas.gba.gob.ar/documentos/x6vMb3UY.pdf,27/06/2022,https://www.gba.gob.ar/justicia_y_ddhh,SUHANEK WALTER,Leonardo Lucas,Masculino,Resolución 2315/2024 del Ministerio de Justicia y Derechos Humanos,https://normas.gba.gob.ar/ar-b/resolucion/2024/2315/469923,01/09/2024
Dirección de Relaciones Administrativas y Convenios,Ministerio de Justicia y Derechos Humanos,Dirección Provincial Técnica y Jurídica,Decreto 662/2022,https://normas.gba.gob.ar/documentos/x6vMb3UY.pdf,27/06/2022,https://www.gba.gob.ar/justicia_y_ddhh,DEL VALLE ATALA,María Jazmín,Femenino,Resolución 516/2025 del Ministerio de Justicia y Derechos Humanos,https://normas.gba.gob.ar/ar-b/resolucion/2025/516/499214,01/03/2025
Dirección de Servicios Técnicos Administrativos,Ministerio de Justicia y Derechos Humanos,Dirección Provincial Técnica y Jurídica,Decreto 37/2020,https://normas.gba.gob.ar/documentos/Bjbjddsw.pdf,29/01/2020,https://www.gba.gob.ar/justicia_y_ddhh,,,,,,
DIRECCIÓN TÉCNICA Y JURÍDICA,Ministerio de Justicia y Derechos Humanos,Dirección Provincial Técnica y Jurídica,Decreto 662/2022,https://normas.gba.gob.ar/documentos/x6vMb3UY.pdf,27/06/2022,https://www.gba.gob.ar/justicia_y_ddhh,,,,,,
Dirección Delegada de la Dirección Provincial de Personal,Ministerio de Justicia y Derechos Humanos,DIRECCIÓN GENERAL DE ADMINISTRACIÓN DE PERSONAL,Decreto 662/2022,https://normas.gba.gob.ar/documentos/x6vMb3UY.pdf,27/06/2022,https://www.gba.gob.ar/justicia_y_ddhh,,,,,,
Dirección del Personal del Régimen Penitenciario y Salud Penitenciaria,Ministerio de Justicia y Derechos Humanos,DIRECCIÓN GENERAL DE ADMINISTRACIÓN DE PERSONAL,Decreto 662/2022,https://normas.gba.gob.ar/documentos/x6vMb3UY.pdf,27/06/2022,https://www.gba.gob.ar/justicia_y_ddhh,"_,_","_,_",Femenino,,,
Dirección de Mediación,Ministerio de Justicia y Derechos Humanos,Dirección Provincial de Mediación,Decreto 37/2020,https://normas.gba.gob.ar/documentos/Bjbjddsw.pdf,29/01/2020,https://www.gba.gob.ar/justicia_y_ddhh,BARRIOS,Camila,Femenino,Resolución 294/2024 del Ministerio de Justicia y Derechos Humanos,https://normas.gba.gob.ar/ar-b/resolucion/2024/294/424903,01/03/2024
Dirección de Mediación Comunitaria y Abordaje Alternativo de Conflictos,Ministerio de Justicia y Derechos Humanos,Dirección Provincial de Mediación,Decreto 1153/2020,https://normas.gba.gov.ar/documentos/087qXyTm.pdf,16/12/2020,https://www.gba.gob.ar/justicia_y_ddhh,MEDINAS,Julieta Vanesa,Femenino,Resolución 1557/2022 del Ministerio de Justicia y Derechos Humanos,https://normas.gba.gob.ar/documentos/BM4GP2Ta.pdf,01/07/2022
Dirección de Planificación Estratégica y Empoderamiento Ciudadano,Ministerio de Justicia y Derechos Humanos,Dirección Provincial de Acceso a la Justicia y Asistencia a la Víctima,Decreto 37/2020,https://normas.gba.gob.ar/documentos/Bjbjddsw.pdf,29/01/2020,https://www.gba.gob.ar/justicia_y_ddhh,_____,_,Masculino,,,
Dirección de Centros Descentralizados del Interior de la Provincia de Buenos Aires,Ministerio de Justicia y Derechos Humanos,Dirección Provincial de Acceso a la Justicia y Asistencia a la Víctima,Decreto 1153/2020,https://normas.gba.gov.ar/documentos/087qXyTm.pdf,16/12/2020,https://www.gba.gob.ar/justicia_y_ddhh,_____,_,Masculino,,,
Dirección de Planificación de Políticas Reparatorias para la Asistencia a las Víctimas de Delitos,Ministerio de Justicia y Derechos Humanos,Dirección Provincial de Acceso a la Justicia y Asistencia a la Víctima,Decreto 37/2020,https://normas.gba.gob.ar/documentos/Bjbjddsw.pdf,29/01/2020,https://www.gba.gob.ar/justicia_y_ddhh,_____,_,Masculino,,,
Dirección de Legitimación,Ministerio de Justicia y Derechos Humanos,Dirección Provincial de Personas Jurídicas,Decreto 37/2020,https://normas.gba.gob.ar/documentos/Bjbjddsw.pdf,29/01/2020,https://www.gba.gob.ar/dppj,_____,_,Masculino,,,
Dirección de Registro y Gestión Administrativa,Ministerio de Justicia y Derechos Humanos,Dirección Provincial de Personas Jurídicas,Decreto 3160/2024,https://normas.gba.gob.ar/ar-b/decreto/2024/3160/477196,,https://www.gba.gob.ar/dppj,ECHEVERRIA,Guillermo Esteban,Masculino,Resolución 280/2025 del Ministerio de Justicia y Derechos Humanos,https://normas.gba.gob.ar/ar-b/resolucion/2025/280/494583,01/02/2025
Dirección de Fiscalización,Ministerio de Justicia y Derechos Humanos,Dirección Provincial de Personas Jurídicas,Decreto 1153/2020,https://normas.gba.gov.ar/documentos/087qXyTm.pdf,16/12/2020,https://www.gba.gob.ar/dppj,"_,_","_,_",Femenino,,,
"Dirección de Asociaciones Civiles, Fundaciones y Mutuales",Ministerio de Justicia y Derechos Humanos,Dirección Provincial de Personas Jurídicas,Decreto 3160/2024,https://normas.gba.gob.ar/ar-b/decreto/2024/3160/477196,,https://www.gba.gob.ar/dppj,SMIDT,Joaquín Enrique,Masculino,Resolución 202/2022 del Ministerio de Justicia y Derechos Humanos,https://normas.gba.gob.ar/ar-b/resolucion/2022/202/465790,01/01/2022
Unidad de Coordinación del Registro Publico de Administradores de Consorcios de Propiedad Horizontal de PBA,Ministerio de Justicia y Derechos Humanos,Dirección Provincial de Personas Jurídicas,Decreto 204/2024,https://normas.gba.gob.ar/ar-b/decreto/2024/204/420026,,https://www.gba.gob.ar/justicia_y_ddhh,,,,,,
Unidad de Coordinación del Registro Publico de Administradores de Consorcios de Propiedad Horizontal de PBA,Ministerio de Justicia y Derechos Humanos,Dirección Provincial de Personas Jurídicas,Decreto 204/2024,https://normas.gba.gob.ar/ar-b/decreto/2024/204/420026,,https://www.gba.gob.ar/justicia_y_ddhh,CAPASSO,Carlos,Masculino,Resolución 812/2025 del Ministerio de Justicia y Derechos Humanos,https://normas.gba.gob.ar/ar-b/resolucion/2025/812/507875,01/04/2025
Dirección de Estructuras Societarias,Ministerio de Justicia y Derechos Humanos,Dirección Provincial de Personas Jurídicas,Decreto 3160/2024,https://normas.gba.gob.ar/ar-b/decreto/2024/3160/477196,,https://www.gba.gob.ar/justicia_y_ddhh,LARRANAGA,Pablo Leandro,Masculino,Resolución 280/2025 del Ministerio de Justicia y Derechos Humanos,https://normas.gba.gob.ar/ar-b/resolucion/2025/280/494583,01/02/2025
Dirección de Fortaleciemiento Institucional y Vinculación con la Ciudadanía,Ministerio de Justicia y Derechos Humanos,Dirección Provincial de Personas Jurídicas,Decreto 3160/2024,https://normas.gba.gob.ar/ar-b/decreto/2024/3160/477196,,https://www.gba.gob.ar/justicia_y_ddhh,,,,,,
Dirección de Entidades Profesionales,Ministerio de Justicia y Derechos Humanos,Dirección Provincial de Relaciones con la Justicia y Entidades Profesionales,Decreto 37/2020,https://normas.gba.gob.ar/documentos/Bjbjddsw.pdf,29/01/2020,https://www.gba.gob.ar/justicia_y_ddhh,_____,_,Masculino,,,
Dirección de Planificación Estratégica en Administración de Justicia,Ministerio de Justicia y Derechos Humanos,Dirección Provincial de Relaciones con la Justicia y Entidades Profesionales,Decreto 37/2020,https://normas.gba.gob.ar/documentos/Bjbjddsw.pdf,29/01/2020,https://www.gba.gob.ar/justicia_y_ddhh,ZUMARRAGA,Agustina Verónica,Femenino,Resolución 161/2020 del Ministerio de Justicia y Derechos Humanos,https://normas.gba.gob.ar/documentos/0P3GW5H7.pdf,11/12/2019
Dirección de Adecuación Normativa,Ministerio de Justicia y Derechos Humanos,Dirección Provincial de Coordinación de Justicia,Decreto 3160/2024,https://normas.gba.gob.ar/ar-b/decreto/2024/3160/477196,,https://www.gba.gob.ar/justicia_y_ddhh ,"_,_","_,_",Femenino,,,
Dirección de Centros de Acceso a la Justicia,Ministerio de Justicia y Derechos Humanos,Dirección Provincial de Acceso a la Justicia,Decreto 3160/2024,https://normas.gba.gob.ar/ar-b/decreto/2024/3160/477196,,https://www.gba.gob.ar/justicia_y_ddhh,"_,_","_,_",Femenino,,,
Dirección de Enlace y Fortalecimiento del Acceso a la Justicia,Ministerio de Justicia y Derechos Humanos,Dirección Provincial de Acceso a la Justicia,Decreto 3160/2024,https://normas.gba.gob.ar/ar-b/decreto/2024/3160/477196,,https://www.gba.gob.ar/justicia_y_ddhh,,,,,,
Dirección de Acompañamiento y Asistencia a las Víctimas de Delitos,Ministerio de Justicia y Derechos Humanos,Dirección Provincial de Asistencia a la Víctima,Decreto 3160/2024,https://normas.gba.gob.ar/ar-b/decreto/2024/3160/477196,,https://www.gba.gob.ar/justicia_y_ddhh,,,,,,
Dirección de Gestión de Políticas contra las Violencias,Ministerio de Justicia y Derechos Humanos,Dirección Provincial de Asistencia a la Víctima,Decreto 3160/2024,https://normas.gba.gob.ar/ar-b/decreto/2024/3160/477196,,https://www.gba.gob.ar/justicia_y_ddhh,,,,,,
Dirección de Control de Gestión,Ministerio de Justicia y Derechos Humanos,Dirección Provincial de Cooperación Estratégica y Evaluación de Proyectos,Decreto 37/2020,https://normas.gba.gob.ar/documentos/Bjbjddsw.pdf,29/01/2020,https://www.gba.gob.ar/justicia_y_ddhh,D?AMICO ,Facundo Tomás ,Masculino,Resolución 244/2024 del Ministerio de Justicia y Derechos Humanos,https://normas.gba.gob.ar/ar-b/resolucion/2024/244/422544,19/02/2024
DIRECCIÓN DE ESTADÍSTICAS DE GESTIÓN,Ministerio de Justicia y Derechos Humanos,Dirección Provincial de Cooperación Estratégica y Evaluación de Proyectos,Decreto 1153/2020,https://normas.gba.gov.ar/documentos/087qXyTm.pdf,16/12/2020,https://www.gba.gob.ar/justicia_y_ddhh,,,,,,
Dirección de Cooperación e Información Jurídica,Ministerio de Justicia y Derechos Humanos,Dirección Provincial de Cooperación Estratégica y Evaluación de Proyectos,Decreto 3160/2024,https://normas.gba.gob.ar/ar-b/decreto/2024/3160/477196,,https://www.gba.gob.ar/justicia_y_ddhh,MALAGAMBA, María Lara,Femenino,Resolución 940/2026 del Ministerio de Justicia y Derechos Humanos,https://normas.gba.gob.ar/ar-b/resolucion/2026/940/585120,01/04/2026
DIRECCIÓN DE PLANIFICACIÓN,Ministerio de Justicia y Derechos Humanos,DIRECCIÓN PROVINCIAL DE PLANIFICACIÓN,Decreto 1153/2020,https://normas.gba.gov.ar/documentos/087qXyTm.pdf,16/12/2020,https://www.gba.gob.ar/justicia_y_ddhh,,,,,,
Dirección de Gestión y Planificación ,Ministerio de Justicia y Derechos Humanos,Dirección Provincial de Acción Social del Servicio Penitenciario Bonaerense,Decreto 37/2020,https://normas.gba.gob.ar/documentos/Bjbjddsw.pdf,29/01/2020,https://www.gba.gob.ar/justicia_y_ddhh,DI CIANO,Santiago,Masculino,Resolución 158/2020 del Ministerio de Justicia y Derechos Humanos,https://normas.gba.gob.ar/documentos/B3z2YOF7.pdf,01/02/2020
Dirección Legal y Técnica,Ministerio de Justicia y Derechos Humanos,Dirección Provincial de Acción Social del Servicio Penitenciario Bonaerense,Decreto 37/2020,https://normas.gba.gob.ar/documentos/Bjbjddsw.pdf,29/01/2020,https://www.gba.gob.ar/justicia_y_ddhh,,,,,,
Dirección de Asuntos Jurídicos,Ministerio de Justicia y Derechos Humanos,Dirección Provincial de Política y Gestión Penitenciaria,Decreto 37/2020,https://normas.gba.gob.ar/documentos/Bjbjddsw.pdf,29/01/2020,https://www.gba.gob.ar/justicia_y_ddhh,_____,_,Masculino,,,
Dirección de Población en Contexto de Encierro y Derechos Humanos,Ministerio de Justicia y Derechos Humanos,Dirección Provincial de Política y Gestión Penitenciaria,Decreto 1153/2020,https://normas.gba.gov.ar/documentos/087qXyTm.pdf,16/12/2020,https://www.gba.gob.ar/justicia_y_ddhh,MONTERO,Paula,Femenino,Resolución 604/2020 del Ministerio de Justicia y Derechos Humanos,https://normas.gba.gob.ar/documentos/xqz59DHj.pdf,01/08/2020
Dirección de Capacitación y Planificación Educativa del Personal Penitenciario,Ministerio de Justicia y Derechos Humanos,Dirección Provincial de Política y Gestión Penitenciaria,Decreto 37/2020,https://normas.gba.gob.ar/documentos/Bjbjddsw.pdf,29/01/2020,https://www.gba.gob.ar/justicia_y_ddhh,_____,_,Masculino,,,
Dirección de Políticas de Género y Programas Integrales para Población Vulnerable,Ministerio de Justicia y Derechos Humanos,Dirección Provincial de Política y Gestión Penitenciaria,Decreto 3160/2024,https://normas.gba.gob.ar/ar-b/decreto/2024/3160/477196,,https://www.gba.gob.ar/justicia_y_ddhh,ASPRELLA,María Eva,Femenino,Resolución 1081/2025 del Ministerio de Justicia y Derechos Humanos,https://normas.gba.gob.ar/ar-b/resolucion/2025/1081/528883,01/05/2025
Dirección de Estadística Penitenciaria,Ministerio de Justicia y Derechos Humanos,Dirección Provincial de Política y Gestión Penitenciaria,Decreto 37/2020,https://normas.gba.gob.ar/documentos/Bjbjddsw.pdf,29/01/2020,https://www.gba.gob.ar/justicia_y_ddhh,FEDERICI,Matías Sebastián,Masculino,Resolución 576/2024 del Ministerio de Justicia y Derechos Humanos,https://normas.gba.gob.ar/ar-b/resolucion/2024/576/431467,01/05/2024
Dirección de Evaluación de Vulneración de Derechos en Contexto de Encierro,Ministerio de Justicia y Derechos Humanos,Dirección Provincial de Política y Gestión Penitenciaria,Decreto 662/2022,https://normas.gba.gob.ar/documentos/x6vMb3UY.pdf,27/06/2022,https://www.gba.gob.ar/justicia_y_ddhh,,,,,,
Dirección de Instrucción Sumarial,Ministerio de Justicia y Derechos Humanos,Auditoría de Asuntos Internos del Servicio Penitenciario Bonaerense,Decreto 37/2020,https://normas.gba.gob.ar/documentos/Bjbjddsw.pdf,29/01/2020,https://www.gba.gob.ar/justicia_y_ddhh,,,,,,
Dirección de Relatoría y Dictámenes,Ministerio de Justicia y Derechos Humanos,Auditoría de Asuntos Internos del Servicio Penitenciario Bonaerense,Decreto 37/2020,https://normas.gba.gob.ar/documentos/Bjbjddsw.pdf,29/01/2020,https://www.gba.gob.ar/justicia_y_ddhh,GIRAUDO,Silvia Viviana,Femenino,Resolución 880/2020 del Ministerio de Justicia y Derechos Humanos,https://normas.gba.gob.ar/documentos/B7OdNWtK.pdf,01/10/2020
"DIRECCIÓN ESPECIALIZADA EN VIOLENCIA POR RAZONES DE GÉNERO, FAMILIAR Y LABORAL",Ministerio de Justicia y Derechos Humanos,Auditoría de Asuntos Internos del Servicio Penitenciario Bonaerense,Decreto 662/2022,https://normas.gba.gob.ar/documentos/x6vMb3UY.pdf,27/06/2022,https://www.gba.gob.ar/justicia_y_ddhh,ADAM CIANCIO ,Juan José,Masculino,Resolución 2211/2023 de Ministerio de Justicia y Derechos Humanos,https://normas.gba.gob.ar/ar-b/resolucion/2023/2211/393678,18/10/2023
Subjefatura,Ministerio de Justicia y Derechos Humanos, Servicio Penitenciario Bonaerense Jefatura,Decreto 3392/2009,https://normas.gba.gob.ar/documentos/05KQ6t5B.html,29/04/2010,http://www.spb.gba.gov.ar/site/index.php/,CACERES ,Javier Raúl,Masculino,Decreto 1071/2022,https://normas.gba.gob.ar/ar-b/decreto/2022/1071/311986,22/04/2022
Dirección de Alcaidías Departamentales III (Pettinato),Ministerio de Justicia y Derechos Humanos,Dirección Provincial de Coordinación de Alcaidías Departamentales ,Decreto 3160/2024,https://normas.gba.gob.ar/ar-b/decreto/2024/3160/477196,,https://www.gba.gob.ar/justicia_y_ddhh,SANTILLI,Cristián Franco,Masculino,Resolución 1078/2022 del Ministerio de Justicia y Derechos Humanos,https://normas.gba.gob.ar/documentos/xAAoznhR.pdf,05/05/2022
Dirección de Alcaidías Departamentales IV (La Plata I),Ministerio de Justicia y Derechos Humanos,Dirección Provincial de Coordinación de Alcaidías Departamentales ,Decreto 3160/2024,https://normas.gba.gob.ar/ar-b/decreto/2024/3160/477196,,https://www.gba.gob.ar/justicia_y_ddhh,BAGUINHO DA PONTE,Cristian Marcelo,Masculino,Resolución 1078/2022 del Ministerio de Justicia y Derechos Humanos,https://normas.gba.gob.ar/documentos/xAAoznhR.pdf,05/05/2022
Dirección de Alcaidías Departamentales V (La Plata II),Ministerio de Justicia y Derechos Humanos,Dirección Provincial de Coordinación de Alcaidías Departamentales ,Decreto 3160/2024,https://normas.gba.gob.ar/ar-b/decreto/2024/3160/477196,,https://www.gba.gob.ar/justicia_y_ddhh,CEJAS,verónica Amalia,Femenino,Resolución 389/2024 del Ministerio de Justicia y Derechos Humanos,https://normas.gba.gob.ar/ar-b/resolucion/2024/389/426480,01/11/2023
Dirección de Alcaidías Departamentales VI (Lomas de Zamora I),Ministerio de Justicia y Derechos Humanos,Dirección Provincial de Coordinación de Alcaidías Departamentales ,Decreto 3160/2024,https://normas.gba.gob.ar/ar-b/decreto/2024/3160/477196,,https://www.gba.gob.ar/justicia_y_ddhh,,,,,,
Dirección de Alcaidías Departamentales VIII (San Martín),Ministerio de Justicia y Derechos Humanos,Dirección Provincial de Coordinación de Alcaidías Departamentales ,Decreto 3160/2024,https://normas.gba.gob.ar/ar-b/decreto/2024/3160/477196,,https://www.gba.gob.ar/justicia_y_ddhh,CAPRIOTTI,Leandro Damián,Masculino,Resolución 841/2022 del Ministerio de Justicia y Derechos Humanos,https://normas.gba.gob.ar/documentos/084nWrfm.pdf,01/04/2022
Dirección de Alcaidías Departamentales IX (Campana),Ministerio de Justicia y Derechos Humanos,Dirección Provincial de Coordinación de Alcaidías Departamentales ,Decreto 3160/2024,https://normas.gba.gob.ar/ar-b/decreto/2024/3160/477196,,https://www.gba.gob.ar/justicia_y_ddhh,SCANGA,Jessica Paola,Femenino,Resolución 38/2021 del Ministerio de Justicia y Derechos Humanos,https://normas.gba.gov.ar/documentos/xa9ybbI3.pdf,01/10/2020
Dirección de Enlace y Logística Penitenciaria,Ministerio de Justicia y Derechos Humanos,Dirección Provincial de Coordinación de Alcaidías Departamentales ,Decreto 37/2020,https://normas.gba.gob.ar/documentos/Bjbjddsw.pdf,29/01/2020,https://www.gba.gob.ar/justicia_y_ddhh,GARCIA REYES,Rodrigo Agustín Máximo,Masculino,Resolución 533/2023 del Ministerio de Justicia y Derechos Humanos,https://normas.gba.gob.ar/documentos/xDwb63fK.pdf,01/03/2023
Dirección de Alcaidías Departamentales I (Avellaneda),Ministerio de Justicia y Derechos Humanos,Dirección Provincial de Coordinación de Alcaidías Departamentales ,Decreto 37/2020,https://normas.gba.gob.ar/documentos/Bjbjddsw.pdf,29/01/2020,https://www.gba.gob.ar/justicia_y_ddhh,,,,,,
Dirección de Alcaidías Departamentales II (Avellaneda II),Ministerio de Justicia y Derechos Humanos,Dirección Provincial de Coordinación de Alcaidías Departamentales ,Decreto 37/2020,https://normas.gba.gob.ar/documentos/Bjbjddsw.pdf,29/01/2020,https://www.gba.gob.ar/justicia_y_ddhh,"_,_","_,_",Femenino,,,
Dirección de Alcaidías Departamentales VII (Lomas de Zamora II),Ministerio de Justicia y Derechos Humanos,Dirección Provincial de Coordinación de Alcaidías Departamentales ,Decreto 3160/2024,https://normas.gba.gob.ar/ar-b/decreto/2024/3160/477196,,https://www.gba.gob.ar/justicia_y_ddhh,MARTI ,José Luis,Masculino,Resolución 1173/2023 del Ministerio de Justicia y Derechos Humanos,https://normas.gba.gob.ar/ar-b/resolucion/2023/1173/365941,01/05/2023
Dirección de Alcaidías Departamentales IV (Radio Capital),Ministerio de Justicia y Derechos Humanos,Dirección Provincial de Coordinación de Alcaidías Departamentales ,Decreto 37/2020,https://normas.gba.gob.ar/documentos/Bjbjddsw.pdf,29/01/2020,https://www.gba.gob.ar/justicia_y_ddhh,_____,_,Masculino,,,
Dirección de Alcaidías Departamentales II (José C. Paz),Ministerio de Justicia y Derechos Humanos,Dirección Provincial de Coordinación de Alcaidías Departamentales ,Decreto 3160/2024,https://normas.gba.gob.ar/ar-b/decreto/2024/3160/477196,,https://www.gba.gob.ar/justicia_y_ddhh,PISTOIA,Carlos Alberto,Masculino,Resolución 38/2021 del Ministerio de Justicia y Derechos Humanos,https://normas.gba.gov.ar/documentos/xa9ybbI3.pdf,01/10/2020
Dirección de Alcaidías Departamentales X (Florencio Varela),Ministerio de Justicia y Derechos Humanos,Dirección Provincial de Coordinación de Alcaidías Departamentales ,Decreto 3160/2024,https://normas.gba.gob.ar/ar-b/decreto/2024/3160/477196,,https://www.gba.gob.ar/justicia_y_ddhh,DEL VALLE ROMANO,Lucía Antonia,Femenino,Resolución 1173/2023 del Ministerio de Justicia y Derechos Humanos,https://normas.gba.gob.ar/ar-b/resolucion/2023/1173/365941,01/05/2023
Dirección de Alcaidías Departamentales XI (Merlo),Ministerio de Justicia y Derechos Humanos,Dirección Provincial de Coordinación de Alcaidías Departamentales ,Decreto 3160/2024,https://normas.gba.gob.ar/ar-b/decreto/2024/3160/477196,,https://www.gba.gob.ar/justicia_y_ddhh,LIPPO,Juan Manuel,Masculino,Resolución 2246/2023 del Ministerio de Justicia y Derechos Humanos,https://normas.gba.gob.ar/ar-b/resolucion/2023/2246/395548,25/10/2023
Dirección de Alcaidías Departamentales XII (Berazategui),Ministerio de Justicia y Derechos Humanos,Dirección Provincial de Coordinación de Alcaidías Departamentales ,Decreto 3160/2024,https://normas.gba.gob.ar/ar-b/decreto/2024/3160/477196,,https://www.gba.gob.ar/justicia_y_ddhh,,,,,,
Dirección de Alcaidías Departamentales XIII (Almirante Brown),Ministerio de Justicia y Derechos Humanos,Dirección Provincial de Coordinación de Alcaidías Departamentales ,Decreto 3160/2024,https://normas.gba.gob.ar/ar-b/decreto/2024/3160/477196,,https://www.gba.gob.ar/justicia_y_ddhh,PAVETTI,Mariela Rosana,Femenino,Resolución 157/2023 del Ministerio de Justicia y Derechos Humanos,https://normas.gba.gob.ar/ar-b/resolucion/2023/157/343976,01/01/2023
Dirección de Alcaidías Departamentales XIV (González Catán),Ministerio de Justicia y Derechos Humanos,Dirección Provincial de Coordinación de Alcaidías Departamentales ,Decreto 3160/2024,https://normas.gba.gob.ar/ar-b/decreto/2024/3160/477196,,https://www.gba.gob.ar/justicia_y_ddhh, VERDINELLI,Pablo Sebastián,Masculino,Resolución 940/2024 del Ministerio de Justicia y Derechos Humanos,https://normas.gba.gob.ar/ar-b/resolucion/2024/940/442436,01/05/2024
Dirección de Alcaidías Departamentales XV (Melchor Romero),Ministerio de Justicia y Derechos Humanos,Dirección Provincial de Coordinación de Alcaidías Departamentales ,Decreto 3160/2024,https://normas.gba.gob.ar/ar-b/decreto/2024/3160/477196,,https://www.gba.gob.ar/justicia_y_ddhh,FALCONE,Mónica Beatriz,Femenino,Resolución 389/2024 del Ministerio de Justicia y Derechos Humanos,https://normas.gba.gob.ar/ar-b/resolucion/2024/389/426480,01/11/2023
Dirección de Alcaidías Departamentales XVI (Escobar),Ministerio de Justicia y Derechos Humanos,Dirección Provincial de Coordinación de Alcaidías Departamentales ,Decreto 3160/2024,https://normas.gba.gob.ar/ar-b/decreto/2024/3160/477196,,https://www.gba.gob.ar/justicia_y_ddhh, MAGALI ROCIO,GELHORN,Femenino,Resolución 1143/2023 del Ministerio de Justicia y Derechos Humanos,https://normas.gba.gob.ar/ar-b/resolucion/2023/1143/364953,01/05/2023
Dirección de Alcaidías Departamentales XVII (Quilmes),Ministerio de Justicia y Derechos Humanos,Dirección Provincial de Coordinación de Alcaidías Departamentales ,,,,https://www.gba.gob.ar/justicia_y_ddhh,COLECCHIO PUA,Aaron ,Masculino,Resolución 1401/2026 del Ministerio de Justicia y Derechos Humanos,https://normas.gba.gob.ar/ar-b/resolucion/2026/1401/608908,07/07/2026
Dirección de Gestión de la Salud Penitenciaria,Ministerio de Justicia y Derechos Humanos,Dirección Provincial de Salud Penitenciaria,Decreto 37/2020,https://normas.gba.gob.ar/documentos/Bjbjddsw.pdf,29/01/2020,https://www.gba.gob.ar/justicia_y_ddhh,BORZI,Dardo Horacio,Masculino,Resolución 720/2020 del Ministerio de Justicia y Derechos Humanos,https://normas.gba.gob.ar/documentos/xpzk9oiP.pdf,01/06/2020
"Dirección de Coordinación Técnica, Administrativa y del Personal",Ministerio de Justicia y Derechos Humanos,Dirección Provincial de Salud Penitenciaria,Decreto 37/2020,https://normas.gba.gob.ar/documentos/Bjbjddsw.pdf,29/01/2020,https://www.gba.gob.ar/justicia_y_ddhh,,,,,,
Dirección de Medicina Asistencial y Promoción de la Salud,Ministerio de Justicia y Derechos Humanos,Dirección Provincial de Salud Penitenciaria,Decreto 37/2020,https://normas.gba.gob.ar/documentos/Bjbjddsw.pdf,29/01/2020,https://www.gba.gob.ar/justicia_y_ddhh,_____,_,Masculino,,,
Dirección de Salud Mental y Consumos Problemáticos,Ministerio de Justicia y Derechos Humanos,Dirección Provincial de Salud Penitenciaria,Decreto 662/2022,https://normas.gba.gob.ar/documentos/x6vMb3UY.pdf,27/06/2022,https://www.gba.gob.ar/justicia_y_ddhh,,,,,,
Dirección de Alternativa de la Pena,Ministerio de Justicia y Derechos Humanos,DIRECCIÓN PROVINCIAL DE ALTERNATIVA DE LA PENA Y VIDEO VIGILANCIA,Decreto 662/2022,https://normas.gba.gob.ar/documentos/x6vMb3UY.pdf,27/06/2022,https://www.gba.gob.ar/justicia_y_ddhh, ASTORQUIZAGA BLANCO,Romina Denisse,Femenino,Resolución 1328/2026 del Ministerio de Justicia y Derechos Humanos,https://normas.gba.gob.ar/ar-b/resolucion/2026/1328/602249,30/04/2026
DIRECCIÓN DE VIDEO VIGILANCIA E INNOVACIÓN TECNOLÓGICA,Ministerio de Justicia y Derechos Humanos,DIRECCIÓN PROVINCIAL DE ALTERNATIVA DE LA PENA Y VIDEO VIGILANCIA,Decreto 662/2022,https://normas.gba.gob.ar/documentos/x6vMb3UY.pdf,27/06/2022,https://www.gba.gob.ar/justicia_y_ddhh,REYES GEROSI,María Agustina de los Milagros,Femenino,Resolución 214/2023 del Ministerio de Justicia y Derechos Humanos,https://normas.gba.gob.ar/documentos/ByQDyMFl.pdf,01/01/2023
Dirección de Responsabilidad Penal Juvenil,Ministerio de Justicia y Derechos Humanos,Dirección Provincial de Gestión Integral de las Conflictividades,Decreto 1153/2020,https://normas.gba.gov.ar/documentos/087qXyTm.pdf,16/12/2020,https://www.gba.gob.ar/justicia_y_ddhh,SILENZI,Leticia,Femenino,Resolución 706/2020 del Ministerio de Justicia y Derechos Humanos,https://normas.gba.gob.ar/documentos/0zv8npuX.pdf,01/08/2020
Dirección de Abordaje de Conflictividades,Ministerio de Justicia y Derechos Humanos,Dirección Provincial de Gestión Integral de las Conflictividades,Decreto 3160/2024,https://normas.gba.gob.ar/ar-b/decreto/2024/3160/477196,,https://www.gba.gob.ar/justicia_y_ddhh,ZARATE,Mariana,Femenino,Resolución 715/2024 del Ministerio de Justicia y Derechos Humanos,https://normas.gba.gob.ar/ar-b/resolucion/2024/715/435781,01/05/2024
Dirección de Planificación y Capacitación,Ministerio de Justicia y Derechos Humanos,Dirección Provincial de Gestión Integral de las Conflictividades,Decreto 3160/2024,https://normas.gba.gob.ar/ar-b/decreto/2024/3160/477196,,https://www.gba.gob.ar/justicia_y_ddhh,PALERMO, Juan Martín ,Masculino,Resolución 965/2023 del Ministerio de Justicia y Derechos Humanos,https://normas.gba.gob.ar/ar-b/resolucion/2023/965/362289,02/05/2023
Dirección de Proyectos Legislativos en Materia Penal y Procesal Penal,Ministerio de Justicia y Derechos Humanos,Dirección Provincial de Gestión Integral de las Conflictividades,Decreto 37/2020,https://normas.gba.gob.ar/documentos/Bjbjddsw.pdf,29/01/2020,https://www.gba.gob.ar/justicia_y_ddhh,,,,,,
Dirección de Producción de Información y Monitoreo,Ministerio de Justicia y Derechos Humanos,Dirección Provincial de Gestión Integral de las Conflictividades,Decreto 3160/2024,https://normas.gba.gob.ar/ar-b/decreto/2024/3160/477196,,https://www.gba.gob.ar/justicia_y_ddhh,GUIDO LAVALLE,Lucía Fabiana,Femenino,Resolución 695/2024 del Ministerio de Justicia y Derechos Humanos,https://normas.gba.gob.ar/ar-b/resolucion/2024/695/435764,01/05/2024
Dirección Contra el Crimen Organizado,Ministerio de Justicia y Derechos Humanos,Dirección Provincial Contra el Delito Complejo,Decreto 3160/2024,https://normas.gba.gob.ar/ar-b/decreto/2024/3160/477196,,https://www.gba.gob.ar/justicia_y_ddhh, IOMMI,Mauro Ignacio,Masculino,Resolución 1176/2025 del Ministerio de Justicia y Derechos Humanos,https://normas.gba.gob.ar/ar-b/resolucion/2025/1176/532676,23/07/2025
Dirección Contra las Violencias de Género,Ministerio de Justicia y Derechos Humanos,Dirección Provincial Contra el Delito Complejo,Decreto 3160/2024,https://normas.gba.gob.ar/ar-b/decreto/2024/3160/477196,,https://www.gba.gob.ar/justicia_y_ddhh,LASCANO,Aramis Amaris,Femenino,Resolución 1176/2025 del Ministerio de Justicia y Derechos Humanos,https://normas.gba.gob.ar/ar-b/resolucion/2025/1176/532676,23/07/2025
Dirección Contra la Violencia Institucional en Contexto de Encierro,Ministerio de Justicia y Derechos Humanos,Dirección Provincial Contra el Delito Complejo,Decreto 3160/2024,https://normas.gba.gob.ar/ar-b/decreto/2024/3160/477196,,https://www.gba.gob.ar/justicia_y_ddhh,CAO,Diego Martín,Masculino,Resolución 955/2026 del Ministerio de Justicia y Derechos Humanos,https://normas.gba.gob.ar/ar-b/resolucion/2026/955/588042,01/03/2026
Dirección de Lucha contra la Ciber-Delincuencia y los Delitos de Mercado,Ministerio de Justicia y Derechos Humanos,Dirección Provincial Contra el Delito Complejo,Decreto 37/2020,https://normas.gba.gob.ar/documentos/Bjbjddsw.pdf,29/01/2020,https://www.gba.gob.ar/justicia_y_ddhh,,,,,,
Dirección de Rescate y Acompañamiento a las Víctimas Damnificadas por el Delito de Trata,Ministerio de Justicia y Derechos Humanos,Dirección Provincial Contra la Trata y Explotación de Personas,Decreto 3160/2024,https://normas.gba.gob.ar/ar-b/decreto/2024/3160/477196,,https://www.gba.gob.ar/justicia_y_ddhh,MELIA, Silvina Luciana,Femenino,Resolución 2025/2023 del Ministerio de Justicia y Derechos Humanos,https://normas.gba.gob.ar/ar-b/resolucion/2023/2025/389186,01/09/2023
Dirección de Políticas Contra la Trata y Explotación de Personas,Ministerio de Justicia y Derechos Humanos,Dirección Provincial Contra la Trata y Explotación de Personas,Decreto 3160/2024,https://normas.gba.gob.ar/ar-b/decreto/2024/3160/477196,,https://www.gba.gob.ar/justicia_y_ddhh,PEREYRA BARREYRO,Andrea,Femenino,Resolución 647/2021 del Ministerio de Justicia y Derechos Humanos,https://normas.gba.gob.ar/ar-b/resolucion/2021/647/612590,07/04/2021
DIRECCIÓN DE PRODUCCIÓN DE CONTENIDOS Y DISEÑO EDITORIAL,Ministerio de Justicia y Derechos Humanos,Dirección Provincial de Producción de Contenidos y Difusión de Derechos Humanos,Decreto 662/2022,https://normas.gba.gob.ar/documentos/x6vMb3UY.pdf,27/06/2022,https://www.gba.gob.ar/justicia_y_ddhh,IDIART,Francisco,Masculino,Resolución 1476/2024 del Ministerio de Justicia y Derechos Humanos,https://normas.gba.gob.ar/ar-b/resolucion/2024/1476/454272,01/08/2024
 Área de Fortalecimiento y Desarrollo Intercultural,Ministerio de Justicia y Derechos Humanos,Consejo Provincial de Asuntos Indígenas,Decreto 3631/2007,https://normas.gba.gob.ar/documentos/xA3mksoV.html,18/12/2007,https://www.gba.gob.ar/justicia_y_ddhh,NORIEGA,Analía,Femenino,Resolución 971/2024 del Ministerio de Justicia y Derechos Humanos,https://normas.gba.gob.ar/ar-b/resolucion/2024/971/443481,01/06/2024
Área de Enlace Institucional ,Ministerio de Justicia y Derechos Humanos,Consejo Provincial de Asuntos Indígenas,Decreto 3631/2007,https://normas.gba.gob.ar/documentos/xA3mksoV.html,18/12/2007,https://www.gba.gob.ar/justicia_y_ddhh,KRIEGER,Julián Ariel,Femenino,Resolución 1/2025 del Ministerio de Justicia y Derechos Humanos,https://normas.gba.gob.ar/ar-b/resolucion/2025/1/482182,01/01/2025
Dirección de Promoción de Derechos Humanos,Ministerio de Justicia y Derechos Humanos,Dirección Provincial de Promoción y Formación en Derechos Humanos,Decreto 37/2020,https://normas.gba.gob.ar/documentos/Bjbjddsw.pdf,29/01/2020,https://www.gba.gob.ar/justicia_y_ddhh,GRIZIA,María Soledad,Femenino,Resolución 30/2025 del Ministerio de Justicia y Derechos Humanos,https://normas.gba.gob.ar/ar-b/resolucion/2025/30/485392,12/12/2024
Dirección de Escuela Provincial en Derechos Humanos,Ministerio de Justicia y Derechos Humanos,Dirección Provincial de Promoción y Formación en Derechos Humanos,Decreto 3160/2024,https://normas.gba.gob.ar/ar-b/decreto/2024/3160/477196,,https://www.gba.gob.ar/justicia_y_ddhh,GONZALEZ LEEGSTRA,Cintia Cristina,Femenino,Resolución 1943/2023 del Ministerio de Justicia y Derechos Humanos,https://normas.gba.gob.ar/ar-b/resolucion/2023/1943/385368,01/07/2023
Dirección de Recepción de Denuncias por Violaciones a los Derechos Humanos,Ministerio de Justicia y Derechos Humanos,Dirección Provincial de Protección de Derechos Humanos,Decreto 37/2020,https://normas.gba.gob.ar/documentos/Bjbjddsw.pdf,29/01/2020,https://www.gba.gob.ar/justicia_y_ddhh,DI SILVERIO,Romina Paola,Femenino,Resolución 97/2023 del Ministerio de Justicia y Derechos Humanos,https://normas.gba.gob.ar/documentos/B3JAL8T7.pdf,01/11/2022
Dirección de Política contra la Violencia Institucional,Ministerio de Justicia y Derechos Humanos,Dirección Provincial de Protección de Derechos Humanos,Decreto 37/2020,https://normas.gba.gob.ar/documentos/Bjbjddsw.pdf,29/01/2020,https://www.gba.gob.ar/justicia_y_ddhh,ALVAREZ,Ignacio,Masculino,Resolución 174/2020 del Ministerio de Justicia y Derechos Humanos,https://normas.gba.gob.ar/documentos/VWWDEzcY.pdf,01/02/2020
Dirección de Gestión de Conflictos en Situación de Encierro,Ministerio de Justicia y Derechos Humanos,Dirección Provincial de Protección de Derechos Humanos,Decreto 3160/2024,https://normas.gba.gob.ar/ar-b/decreto/2024/3160/477196,,https://www.gba.gob.ar/justicia_y_ddhh,PACHECO,Micaela,Femenino,Resolución 803/2022 del Ministerio de Justicia y Derechos Humanos,https://normas.gba.gob.ar/documentos/BgZb8ZU3.pdf,11/04/2022
Dirección de Pluralismo e Interculturalidad,Ministerio de Justicia y Derechos Humanos,Dirección Provincial de Programas para el Desarrollo Socio Comunitario en Derechos Humanos,Decreto 37/2020,https://normas.gba.gob.ar/documentos/Bjbjddsw.pdf,29/01/2020,https://www.gba.gob.ar/justicia_y_ddhh,"_,_","_,_",Femenino,,,
Dirección de Acompañamiento a Grupos en Situación de Vulnerabilidad,Ministerio de Justicia y Derechos Humanos,Dirección Provincial de Programas para el Desarrollo Socio Comunitario en Derechos Humanos,Decreto 662/2022,https://normas.gba.gob.ar/documentos/x6vMb3UY.pdf,27/06/2022,https://www.gba.gob.ar/justicia_y_ddhh,_____,_,Masculino,,,
Dirección de Programas para el Acceso a Derechos de Poblaciones Vulnerables,Ministerio de Justicia y Derechos Humanos,Dirección Provincial de Programas para el Desarrollo Socio Comunitario en Derechos Humanos,Decreto 662/2022,https://normas.gba.gob.ar/documentos/x6vMb3UY.pdf,27/06/2022,https://www.gba.gob.ar/justicia_y_ddhh,_____,_,Masculino,,,
Dirección de Investigación y Memoria,Ministerio de Justicia y Derechos Humanos,DIRECCIÓN PROVINCIAL DEL ARCHIVO PROVINCIAL DE LA MEMORIA,Decreto 1153/2020,https://normas.gba.gov.ar/documentos/087qXyTm.pdf,16/12/2020,https://www.gba.gob.ar/justicia_y_ddhh,INAMA,Ramón Oscar,Masculino,Resolución 1340/2026 del Ministerio de Justicia y Derechos Humanos,https://normas.gba.gob.ar/ar-b/resolucion/2026/1340/602867,01/06/2026
Dirección de Sitios y Espacios de Memoria,Ministerio de Justicia y Derechos Humanos,DIRECCIÓN PROVINCIAL DEL ARCHIVO PROVINCIAL DE LA MEMORIA,Decreto 3160/2024,https://normas.gba.gob.ar/ar-b/decreto/2024/3160/477196,,https://www.gba.gob.ar/justicia_y_ddhh,BATTISTIOL,Selva Lorena,Femenino,Resolución 73/2024 del Ministerio de Justicia y Derechos Humanos,https://normas.gba.gob.ar/ar-b/resolucion/2024/73/413019,10/12/2023
DIRECCIÓN DE DOCUMENTACIÓN,Ministerio de Justicia y Derechos Humanos,DIRECCIÓN PROVINCIAL DEL ARCHIVO PROVINCIAL DE LA MEMORIA,Decreto 662/2022,https://normas.gba.gob.ar/documentos/x6vMb3UY.pdf,27/06/2022,https://www.gba.gob.ar/justicia_y_ddhh,,,,,,
Dirección de Enlace Institucional en Políticas de Derechos Humanos,Ministerio de Justicia y Derechos Humanos,"Dirección Provincial de Coordinación Estratégica, Fortalecimiento y Articulación Institucional ",Decreto 3160/2024,https://normas.gba.gob.ar/ar-b/decreto/2024/3160/477196,,https://www.gba.gob.ar/justicia_y_ddhh,PAZ,Santiago,Masculino,Resolución 954/2026 del Ministerio de Justicia y Derechos Humanos,https://normas.gba.gob.ar/ar-b/resolucion/2026/954/588039,01/03/2026
Dirección de Fortalecimiento Territorial de Derechos Humanos,Ministerio de Justicia y Derechos Humanos,"Dirección Provincial de Coordinación Estratégica, Fortalecimiento y Articulación Institucional ",Decreto 3160/2024,https://normas.gba.gob.ar/ar-b/decreto/2024/3160/477196,,https://www.gba.gob.ar/justicia_y_ddhh,PAZOS,Guillermo José ,Masculino,Resolución 55/2025 del Ministerio de Justicia y Derechos Humanos,https://normas.gba.gob.ar/ar-b/resolucion/2025/55/485425,11/12/2024
Dirección de Asesoramiento Técnico,Ministerio de Justicia y Derechos Humanos,"Dirección Provincial de Asesoramiento, Asistencia e Intervención en Materia de Derechos Humanos ",Decreto 3160/2024,https://normas.gba.gob.ar/ar-b/decreto/2024/3160/477196,,https://www.gba.gob.ar/justicia_y_ddhh,KIRILOVSKY,Daniela Inés ,Femenino,Resolución 954/2026 del Ministerio de Justicia y Derechos Humanos,https://normas.gba.gob.ar/ar-b/resolucion/2026/954/588039,01/03/2026
Dirección de Transparencia y Ética Pública,Ministerio de Justicia y Derechos Humanos,"Dirección Provincial de Transparencia, Ética Pública y Anticorrupción",Decreto 37/2020,https://normas.gba.gob.ar/documentos/Bjbjddsw.pdf,29/01/2020,https://www.gba.gob.ar/justicia_y_ddhh/oti,,,,,,
Dirección de Anticorrupción,Ministerio de Justicia y Derechos Humanos,"Dirección Provincial de Transparencia, Ética Pública y Anticorrupción",Decreto 37/2020,https://normas.gba.gob.ar/documentos/Bjbjddsw.pdf,29/01/2020,https://www.gba.gob.ar/justicia_y_ddhh/oti,ABERASTEGUI,Paula,Femenino,Resolución 1488/2022 Ministerio de Justicia y Derechos Humanos,https://normas.gba.gob.ar/documentos/021daktr.pdf,30/06/2022
Dirección de Auditoría Contable,Ministerio de Justicia y Derechos Humanos,Dirección Provincial de Fiscalización y Auditoría,Decreto 37/2020,https://normas.gba.gob.ar/documentos/Bjbjddsw.pdf,29/01/2020,https://www.gba.gob.ar/justicia_y_ddhh,,,,,,
Dirección de Dictámenes y Procedimientos,Ministerio de Justicia y Derechos Humanos,Dirección Provincial de Fiscalización y Auditoría,Decreto 37/2020,https://normas.gba.gob.ar/documentos/Bjbjddsw.pdf,29/01/2020,https://www.gba.gob.ar/justicia_y_ddhh,,,,,,
Dirección de Inspección Operativa,Ministerio de Justicia y Derechos Humanos,Dirección Provincial de Fiscalización y Auditoría,Decreto 37/2020,https://normas.gba.gob.ar/documentos/Bjbjddsw.pdf,29/01/2020,https://www.gba.gob.ar/justicia_y_ddhh,FERNANDEZ,Lautaro Nazareno,Masculino,Resolución 467/2024 del Ministerio de Justicia y Derechos Humanos,https://normas.gba.gob.ar/ar-b/resolucion/2024/467/428825,01/03/2024
Dirección de Proyectos Estratégicos y Estadística,Ministerio de Justicia y Derechos Humanos,Dirección Provincial de Fiscalización y Auditoría,Decreto 3160/2024,https://normas.gba.gob.ar/ar-b/decreto/2024/3160/477196,,https://www.gba.gob.ar/justicia_y_ddhh,,,,,,
Dirección de Fortalecimiento de la Escritura Social,Ministerio de Justicia y Derechos Humanos,Escribanía General de Gobierno Adscripta Superior,Decreto 2595/2011,https://normas.gba.gob.ar/documentos/xqeD8Spx.html,13/02/2012,https://www.gba.gob.ar/escribaniageneral,TANGORRA,Sebastián,Masculino,Resolución 220/2020 del Ministerio de Justicia y Derechos Humanos,https://normas.gba.gob.ar/documentos/BdaXrbUO.pdf,01/04/2020
DIRECCIÓN DE GESTIÓN ESCRITURARIA,Ministerio de Justicia y Derechos Humanos,Escribanía General de Gobierno Adscripta Superior,Decreto 2595/2011,https://normas.gba.gob.ar/documentos/xqeD8Spx.html,13/02/2012,https://www.gba.gob.ar/escribaniageneral,PIEVANI,María Lía,Femenino,,,
DIRECCIÓN ADMINISTRATIVA CONTABLE Y RECURSOS HUMANOS,Ministerio de Justicia y Derechos Humanos,Escribanía General de Gobierno Adscripta Superior,Decreto 2595/2011,https://normas.gba.gob.ar/documentos/xqeD8Spx.html,13/02/2012,"",BELACIN,Isidro,Masculino,Resolución 442/2023 del Ministerio de Justicia y Derechos Humanos,https://normas.gba.gob.ar/ar-b/resolucion/2023/442/347871,01/03/2023
DIRECCIÓN DE COORDINACIÓN Y COMUNICACIÓN INSTITUCIONAL,Ministerio de Justicia y Derechos Humanos,"DIRECCIÓN PROVINCIAL DE PLANIFICACIÓN, COORDINACIÓN Y CONTROL DE GESTIÓN",Decreto 658/2018,https://normas.gba.gob.ar/documentos/VWOAptGV.html,29/06/2018,http://www.plb.gba.gov.ar/,GORGONE MACHELLO,Malen Luz,Femenino,Decreto 330/2020,https://normas.gba.gob.ar/documentos/0P36ort7.pdf,01/02/2020
"DIRECCIÓN DE EVALUACIÓN, INVESTIGACIÓN Y CAPACITACIÓN",Ministerio de Justicia y Derechos Humanos,"DIRECCIÓN PROVINCIAL DE PLANIFICACIÓN, COORDINACIÓN Y CONTROL DE GESTIÓN",Decreto 658/2018,https://normas.gba.gob.ar/documentos/VWOAptGV.html,29/06/2018,http://www.plb.gba.gov.ar/,RUBINO,María Agustina,Femenino,Decreto 2290/2022,https://normas.gba.gob.ar/documentos/VG8ZO9sk.pdf,06/09/2022
DIRECCIÓN DE PROGRAMAS Y TRATAMIENTO EN EL MEDIO LIBRE GRAN BUENOS AIRES,Ministerio de Justicia y Derechos Humanos,DIRECCIÓN PROVINCIAL DE EJECUCIÓN PENAL EN LIBERTAD,Decreto 658/2018,https://normas.gba.gob.ar/documentos/VWOAptGV.html,29/06/2018,http://www.plb.gba.gov.ar/,YEBRA,Laura Pilar,Femenino,Decreto 330/2020,https://normas.gba.gob.ar/documentos/0P36ort7.pdf,01/01/2020
DIRECCIÓN DE PROGRAMAS Y TRATAMIENTO EN EL MEDIO LIBRE INTERIOR DE LA PROVINCIA DE BUENOS AIRES,Ministerio de Justicia y Derechos Humanos,DIRECCIÓN PROVINCIAL DE EJECUCIÓN PENAL EN LIBERTAD,Decreto 658/2018,https://normas.gba.gob.ar/documentos/VWOAptGV.html,29/06/2018,http://www.plb.gba.gov.ar/,_____,_,Masculino,,,
DIRECCIÓN DE SISTEMAS INFORMÁTICOS,Ministerio de Justicia y Derechos Humanos,DIRECCIÓN PROVINCIAL DE EJECUCIÓN PENAL EN LIBERTAD,Decreto 658/2018,https://normas.gba.gob.ar/documentos/VWOAptGV.html,29/06/2018,http://www.plb.gba.gov.ar/,ZAPPA,Juan Damián,Masculino,Decreto 959/2021,https://normas.gba.gov.ar/documentos/BLqMbmTM.pdf,03/09/2021
DIRECCIÓN DE CONTROL DE LA EJECUCIÓN PENAL Y MEDIDAS JUDICIALES,Ministerio de Justicia y Derechos Humanos,DIRECCIÓN PROVINCIAL DE EJECUCIÓN PENAL EN LIBERTAD,Decreto 658/2018,https://normas.gba.gob.ar/documentos/VWOAptGV.html,29/06/2018,http://www.plb.gba.gov.ar/,REINARES,Paula,Femenino,Resolución 232/2026 del Patronato de Liberados Bonaerense,https://normas.gba.gob.ar/admin/rules/611973,08/06/2026
DEPARTAMENTO APOYO Y SUPERVISIÓN,Ministerio de Justicia y Derechos Humanos,DIRECCIÓN PROVINCIAL DE REGIONES,Decreto 658/2018,https://normas.gba.gob.ar/documentos/VWOAptGV.html,29/06/2018,http://www.plb.gba.gov.ar/,,,,,,
DIRECCIÓN REGIÓN (I A X),Ministerio de Justicia y Derechos Humanos,DIRECCIÓN PROVINCIAL DE REGIONES,Decreto 658/2018,https://normas.gba.gob.ar/documentos/VWOAptGV.html,29/06/2018,http://www.plb.gba.gov.ar/,,,,,,
DIRECCIÓN DELEGADA DE LA DIRECCIÓN PROVINCIAL DE PERSONAL,Ministerio de Justicia y Derechos Humanos,DIRECCIÓN GENERAL DE ADMINISTRACIÓN,Decreto 658/2018,https://normas.gba.gob.ar/documentos/VWOAptGV.html,29/06/2018,http://www.plb.gba.gov.ar/,_____,_,Masculino,,,
DIRECCIÓN DE SERVICIOS TÉCNICO ADMINISTRATIVO CONTABLE,Ministerio de Justicia y Derechos Humanos,DIRECCIÓN GENERAL DE ADMINISTRACIÓN,Decreto 658/2018,https://normas.gba.gob.ar/documentos/VWOAptGV.html,29/06/2018,http://www.plb.gba.gov.ar/,CORTES PARODI,María Inés,Femenino,Decreto 396/2022,https://normas.gba.gob.ar/documentos/Vrl83bCG.pdf,01/02/2022
DIRECCIÓN DE SERVICIOS AUXILIARES,Ministerio de Justicia y Derechos Humanos,DIRECCIÓN GENERAL DE ADMINISTRACIÓN,Decreto 658/2018,https://normas.gba.gob.ar/documentos/VWOAptGV.html,29/06/2018,http://www.plb.gba.gov.ar/,,,,,,
DEPARTAMENTO TESORERÍA,Ministerio de Justicia y Derechos Humanos,DIRECCIÓN GENERAL DE ADMINISTRACIÓN,Decreto 658/2018,https://normas.gba.gob.ar/documentos/VWOAptGV.html,29/06/2018,http://www.plb.gba.gov.ar/,,,,,,
DEPARTAMENTO CONTRALOR CONTABLE,Ministerio de Justicia y Derechos Humanos,DIRECCIÓN GENERAL DE ADMINISTRACIÓN,Decreto 658/2018,https://normas.gba.gob.ar/documentos/VWOAptGV.html,29/06/2018,http://www.plb.gba.gov.ar/,,,,,,
DEPARTAMENTO FONDO PATRONATO DE LIBERADOS,Ministerio de Justicia y Derechos Humanos,DIRECCIÓN GENERAL DE ADMINISTRACIÓN,Decreto 658/2018,https://normas.gba.gob.ar/documentos/VWOAptGV.html,29/06/2018,http://www.plb.gba.gov.ar/,,,,,,
DIRECCIÓN DE PRODUCCIÓN Y TRABAJO EN CONTEXTO DE ENCIERRO,Ministerio de Justicia y Derechos Humanos,"Dirección Provincial de Producción, Trabajo y Formación Laboral en Contexto de Encierro",Decreto 662/2022,https://normas.gba.gob.ar/documentos/x6vMb3UY.pdf,27/06/2022,https://www.gba.gob.ar/justicia_y_ddhh,,,,,,
DIRECCIÓN DE COORDINACIÓN CON GOBIERNOS LOCALES Y ENTIDADES,Ministerio de Justicia y Derechos Humanos,"Dirección Provincial de Producción, Trabajo y Formación Laboral en Contexto de Encierro",Decreto 662/2022,https://normas.gba.gob.ar/documentos/x6vMb3UY.pdf,27/06/2022,https://www.gba.gob.ar/justicia_y_ddhh,,,,,,
DIRECCIÓN DE TRABAJO Y FORMACIÓN LABORAL EN CONTEXTO DE ENCIERRO,Ministerio de Justicia y Derechos Humanos,"Dirección Provincial de Producción, Trabajo y Formación Laboral en Contexto de Encierro",Decreto 204/2024,https://normas.gba.gob.ar/ar-b/decreto/2024/204/420026,,https://www.gba.gob.ar/justicia_y_ddhh,ALVAREZ,Julio César,Masculino,Resolución 629/2024 del Ministerio de Justicia y Derechos Humanos,https://normas.gba.gob.ar/ar-b/resolucion/2024/629/433123,01/04/2024
DIRECCIÓN DE POLOS PRODUCTIVOS,Ministerio de Justicia y Derechos Humanos,"Dirección Provincial de Producción, Trabajo y Formación Laboral en Contexto de Encierro",Decreto 204/2024,https://normas.gba.gob.ar/ar-b/decreto/2024/204/420026,,https://www.gba.gob.ar/justicia_y_ddhh, VALLONE, Esteban,Masculino,Resolución 1102/2026 del Ministerio de Justicia y Derechos Humanos,https://normas.gba.gob.ar/ar-b/resolucion/2026/1102/594333,01/05/2026
DIRECCIÓN DE PROGRAMAS INTEGRALES EN CONTEXTO DE ENCIERRO,Ministerio de Justicia y Derechos Humanos,DIRECCIÓN PROVINCIAL DE ABORDAJE INTEGRAL Y MEDIDAS ALTERNATIVAS,Decreto 204/2024,https://normas.gba.gob.ar/ar-b/decreto/2024/204/420026,,https://www.gba.gob.ar/justicia_y_ddhh,FAGUNDEZ CLEIMBOSKY,Magali Tamara,Femenino,Resolución 575/2024 del Ministerio de Justicia y Derechos Humanos,https://normas.gba.gob.ar/ar-b/resolucion/2024/575/431465,01/04/2024
DIRECCIÓN DE FORTALECIMIENTO DE LAS POLÍTICAS DE ACOMPAÑAMIENTO A PERSONAS BAJO MEDIDAS ALTERNATIVAS,Ministerio de Justicia y Derechos Humanos,DIRECCIÓN PROVINCIAL DE ABORDAJE INTEGRAL Y MEDIDAS ALTERNATIVAS,Decreto 204/2024,https://normas.gba.gob.ar/ar-b/decreto/2024/204/420026,,https://www.gba.gob.ar/justicia_y_ddhh,VILLARREAL,Mariana Eva,Femenino,Resolución 1666/2026 del Ministerio de Justicia y Derechos Humanos,https://normas.gba.gob.ar/ar-b/resolucion/2026/1666/614367,01/08/2026
DIRECCIÓN DE VINCULACIÓN CON ENTIDADES,Ministerio de Justicia y Derechos Humanos,DIRECCIÓN PROVINCIAL DE ENLACE COMUNITARIO,Decreto 204/2024,https://normas.gba.gob.ar/ar-b/decreto/2024/204/420026,,https://www.gba.gob.ar/justicia_y_ddhh,CASAMENTO,María Andrea,Femenino,Resolución 684/2025 del Ministerio de Justicia y Derechos Humanos,https://normas.gba.gob.ar/ar-b/resolucion/2025/684/504053,01/03/2025
DIRECCIÓN DE FORTALECIMIENTO DE LOS PROGRAMAS Y ACCIONES DE PRE- LIBERTAD,Ministerio de Justicia y Derechos Humanos,DIRECCIÓN PROVINCIAL DE ENLACE COMUNITARIO,Decreto 204/2024,https://normas.gba.gob.ar/ar-b/decreto/2024/204/420026,,https://www.gba.gob.ar/justicia_y_ddhh,RODRIGUEZ,Julieta,Femenino,Resolución 1593/2024 del Ministerio de Justicia y Derechos Humanos,https://normas.gba.gob.ar/ar-b/resolucion/2024/1593/458142,01/08/2024
Dirección de Educación y Formación Laboral en Contexto de Encierro,Ministerio de Justicia y Derechos Humanos,"Dirección Provincial de Identidad, Educación y Deportes en Contexto de Encierro",Decreto 662/2022,https://normas.gba.gob.ar/documentos/x6vMb3UY.pdf,27/06/2022,https://www.gba.gob.ar/justicia_y_ddhh,,,,,,
Dirección de Documentación e Identidad en Contexto de Encierro,Ministerio de Justicia y Derechos Humanos,"Dirección Provincial de Identidad, Educación y Deportes en Contexto de Encierro",Decreto 204/2024,https://normas.gba.gob.ar/ar-b/decreto/2024/204/420026,,https://www.gba.gob.ar/justicia_y_ddhh,GIMENEZ,Andrea Pilar,Femenino,Resolución 666/2024 del Ministerio de Justicia y Derechos Humanos,https://normas.gba.gob.ar/ar-b/resolucion/2024/666/434874,01/05/2024
DIRECCIÓN DE EDUCACIÓN EN CONTEXTO DE ENCIERRO,Ministerio de Justicia y Derechos Humanos,"Dirección Provincial de Identidad, Educación y Deportes en Contexto de Encierro",Decreto 204/2024,https://normas.gba.gob.ar/ar-b/decreto/2024/204/420026,,https://www.gba.gob.ar/justicia_y_ddhh,_____,_,Masculino,,,
DIRECCIÓN DE PROGRAMAS DEPORTIVOS EN CONTEXTO DE ENCIERRO,Ministerio de Justicia y Derechos Humanos,"Dirección Provincial de Identidad, Educación y Deportes en Contexto de Encierro",Decreto 204/2024,https://normas.gba.gob.ar/ar-b/decreto/2024/204/420026,,https://www.gba.gob.ar/justicia_y_ddhh,CARRIQUE,Federico ,Masculino,Resolución 588/2024 del Ministerio de Justicia y Derechos Humanos,https://normas.gba.gob.ar/ar-b/resolucion/2024/588/431478,01/05/2024
DIRECCIÓN GENERAL DE COORDINACIÓN,Ministerio de Justicia y Derechos Humanos,Subjefatura,Decreto 3392/2009,https://normas.gba.gob.ar/documentos/05KQ6t5B.html,29/04/2010,http://www.spb.gba.gov.ar/site/index.php/,_____,_,Masculino,,,
Dirección General de Institutos de Formación y Capacitación,Ministerio de Justicia y Derechos Humanos,Subjefatura,Decreto 913/2015,https://normas.gba.gob.ar/documentos/VmRKRNSl.html,14/10/2015,http://www.spb.gba.gov.ar/site/index.php/,,,,,,
DIRECCIÓN GENERAL DE ASISTENCIA Y TRATAMIENTO PENITENCIARIO,Ministerio de Justicia y Derechos Humanos,Subjefatura,Decreto 3392/2009,https://normas.gba.gob.ar/documentos/05KQ6t5B.html,29/04/2010,http://www.spb.gba.gov.ar/site/index.php/,DIAZ,Norma Raquel,Femenino,Resolución 1963/2022 del Ministerio de Justicia y Derechos Humanos,https://normas.gba.gob.ar/ar-b/resolucion/2022/1963/327799,22/04/2022
DIRECCIÓN GENERAL DE RECURSOS HUMANOS,Ministerio de Justicia y Derechos Humanos,Subjefatura,Decreto 3392/2009,https://normas.gba.gob.ar/documentos/05KQ6t5B.html,29/04/2010,http://www.spb.gba.gov.ar/site/index.php/,FERNANDEZ,Andrea Elizabeth,Femenino,Resolución 1963/2022 del Ministerio de Justicia y Derechos Humanos,https://normas.gba.gob.ar/ar-b/resolucion/2022/1963/327799,22/04/2022
DIRECCIÓN GENERAL DE SEGURIDAD,Ministerio de Justicia y Derechos Humanos,Subjefatura,Decreto 3392/2009,https://normas.gba.gob.ar/documentos/05KQ6t5B.html,29/04/2010,http://www.spb.gba.gov.ar/site/index.php/,MENDEZ,Ricardo Roberto,Masculino,Resolución 1963/2022 del Ministerio de Justicia y Derechos Humanos,https://normas.gba.gob.ar/ar-b/resolucion/2022/1963/327799,22/04/2022
SECRETARÍA GENERAL,Ministerio de Justicia y Derechos Humanos,Subjefatura,Decreto 3392/2009,https://normas.gba.gob.ar/documentos/05KQ6t5B.html,29/04/2010,http://www.spb.gba.gov.ar/site/index.php/,,,,,,
DIRECCIÓN DE INVESTIGACIONES,Ministerio de Justicia y Derechos Humanos,Subjefatura,Decreto 3392/2009,https://normas.gba.gob.ar/documentos/05KQ6t5B.html,29/04/2010,http://www.spb.gba.gov.ar/site/index.php/,,,,,,
DIRECCIÓN DELEGADA DE LA DIRECCIÓN GENERAL DE ADMINISTRACIÓN,Ministerio de Justicia y Derechos Humanos,Subjefatura,Decreto 3392/2009,https://normas.gba.gob.ar/documentos/05KQ6t5B.html,29/04/2010,http://www.spb.gba.gov.ar/site/index.php/,,,,,,
DIRECCIÓN DE SECRETARÍA DE INTELIGENCIA,Ministerio de Justicia y Derechos Humanos,Subjefatura,Decreto 3392/2009,https://normas.gba.gob.ar/documentos/05KQ6t5B.html,29/04/2010,http://www.spb.gba.gov.ar/site/index.php/,,,,,,
DIRECCIÓN DE COMUNICACIONES Y RELACIONES INSTITUCIONALES,Ministerio de Justicia y Derechos Humanos,Subjefatura,Decreto 3392/2009,https://normas.gba.gob.ar/documentos/05KQ6t5B.html,29/04/2010,http://www.spb.gba.gov.ar/site/index.php/,,,,,,
DIRECCIÓN INSTITUTO DE CLASIFICACIÓN,Ministerio de Justicia y Derechos Humanos,Subjefatura,Decreto 3392/2009,https://normas.gba.gob.ar/documentos/05KQ6t5B.html,29/04/2010,http://www.spb.gba.gov.ar/site/index.php/,,,,,,
DIRECCIÓN DE SEGURIDAD E HIGIENE ALIMENTARIA,Ministerio de Justicia y Derechos Humanos,Subjefatura,Decreto 3392/2009,https://normas.gba.gob.ar/documentos/05KQ6t5B.html,29/04/2010,http://www.spb.gba.gov.ar/site/index.php/,,,,,,
DEPARTAMENTO DE ESCRITURACIÓN SOCIAL,Ministerio de Justicia y Derechos Humanos,Dirección de Fortalecimiento de la Escritura Social,Decreto 2595/2011,https://normas.gba.gob.ar/documentos/xqeD8Spx.html,13/02/2012,https://www.gba.gob.ar/escribaniageneral,,,,,,
DEPARTAMENTO DE FORTALECIMIENTO INSTITUCIONAL,Ministerio de Justicia y Derechos Humanos,Dirección de Fortalecimiento de la Escritura Social,Decreto 2595/2011,https://normas.gba.gob.ar/documentos/xqeD8Spx.html,13/02/2012,https://www.gba.gob.ar/escribaniageneral,,,,,,
SUBDIRECCIÓN DE TRÁMITE PRE-ESCRITURARIO,Ministerio de Justicia y Derechos Humanos,DIRECCIÓN DE GESTIÓN ESCRITURARIA,Decreto 2595/2011,https://normas.gba.gob.ar/documentos/xqeD8Spx.html,13/02/2012,https://www.gba.gob.ar/escribaniageneral,,,,,,
SUBDIRECCIÓN ESCRITURARIA,Ministerio de Justicia y Derechos Humanos,DIRECCIÓN DE GESTIÓN ESCRITURARIA,Decreto 2595/2011,https://normas.gba.gob.ar/documentos/xqeD8Spx.html,13/02/2012,https://www.gba.gob.ar/escribaniageneral,,,,,,
SUBDIRECCIÓN DE REGISTRO GENERAL,Ministerio de Justicia y Derechos Humanos,DIRECCIÓN DE GESTIÓN ESCRITURARIA,Decreto 2595/2011,https://normas.gba.gob.ar/documentos/xqeD8Spx.html,13/02/2012,https://www.gba.gob.ar/escribaniageneral,,,,,,
DEPARTAMENTO DE GESTORÍA,Ministerio de Justicia y Derechos Humanos,DIRECCIÓN DE GESTIÓN ESCRITURARIA,Decreto 2595/2011,https://normas.gba.gob.ar/documentos/xqeD8Spx.html,13/02/2012,https://www.gba.gob.ar/escribaniageneral,,,,,,
SUBDIRECCIÓN ADMINISTRATIVA CONTABLE Y RECURSOS HUMANOS,Ministerio de Justicia y Derechos Humanos,DIRECCIÓN ADMINISTRATIVA CONTABLE Y RECURSOS HUMANOS,Decreto 2595/2011,https://normas.gba.gob.ar/documentos/xqeD8Spx.html,13/02/2012,https://www.gba.gob.ar/escribaniageneral,,,,,,
SUBDIRECCIÓN DE COORDINACIÓN,Ministerio de Justicia y Derechos Humanos,DIRECCIÓN DE COORDINACIÓN Y COMUNICACIÓN INSTITUCIONAL,Decreto 658/2018,https://normas.gba.gob.ar/documentos/VWOAptGV.html,29/06/2018,http://www.plb.gba.gov.ar/,JULIANO,Néstor Gustavo,Masculino,Decreto 330/2020,https://normas.gba.gob.ar/documentos/0P36ort7.pdf,01/01/2020
DEPARTAMENTO DE COORDINACIÓN Y COMUNICACIÓN,Ministerio de Justicia y Derechos Humanos,DIRECCIÓN DE COORDINACIÓN Y COMUNICACIÓN INSTITUCIONAL,Decreto 658/2018,https://normas.gba.gob.ar/documentos/VWOAptGV.html,29/06/2018,http://www.plb.gba.gov.ar/,,,,,,
DEPARTAMENTO CENTROS INTEGRALES PARA LA INCLUSIÓN SOCIAL,Ministerio de Justicia y Derechos Humanos,DIRECCIÓN DE COORDINACIÓN Y COMUNICACIÓN INSTITUCIONAL,Decreto 658/2018,https://normas.gba.gob.ar/documentos/VWOAptGV.html,29/06/2018,http://www.plb.gba.gov.ar/,,,,,,
DEPARTAMENTO EVALUACIÓN DE LA GESTIÓN,Ministerio de Justicia y Derechos Humanos,"DIRECCIÓN DE EVALUACIÓN, INVESTIGACIÓN Y CAPACITACIÓN",Decreto 658/2018,https://normas.gba.gob.ar/documentos/VWOAptGV.html,29/06/2018,http://www.plb.gba.gov.ar/,,,,,,
SUBDIRECCIÓN DE ASISTENCIA Y TRATAMIENTO,Ministerio de Justicia y Derechos Humanos,DIRECCIÓN DE PROGRAMAS Y TRATAMIENTO EN EL MEDIO LIBRE GRAN BUENOS AIRES,Decreto 658/2018,https://normas.gba.gob.ar/documentos/VWOAptGV.html,29/06/2018,http://www.plb.gba.gov.ar/,,,,,,
SUBDIRECCIÓN DE COORDINACIÓN DE SISTEMAS Y SOPORTE TÉCNICO,Ministerio de Justicia y Derechos Humanos,DIRECCIÓN DE SISTEMAS INFORMÁTICOS,Decreto 658/2018,https://normas.gba.gob.ar/documentos/VWOAptGV.html,29/06/2018,http://www.plb.gba.gov.ar/,,,,,,
SUBDIRECCIÓN DE CONTROL DE LA CONDENA Y MEDIDAS JUDICIALES,Ministerio de Justicia y Derechos Humanos,DIRECCIÓN DE CONTROL DE LA EJECUCIÓN PENAL Y MEDIDAS JUDICIALES,Decreto 658/2018,https://normas.gba.gob.ar/documentos/VWOAptGV.html,29/06/2018,http://www.plb.gba.gov.ar/,,,,,,
DEPARTAMENTO PRE LIBERTAD,Ministerio de Justicia y Derechos Humanos,DIRECCIÓN DE CONTROL DE LA EJECUCIÓN PENAL Y MEDIDAS JUDICIALES,Decreto 658/2018,https://normas.gba.gob.ar/documentos/VWOAptGV.html,29/06/2018,http://www.plb.gba.gov.ar/,,,,,,
DEPARTAMENTO DIGITALIZACIONES Y ARCHIVO,Ministerio de Justicia y Derechos Humanos,DIRECCIÓN DE CONTROL DE LA EJECUCIÓN PENAL Y MEDIDAS JUDICIALES,Decreto 658/2018,https://normas.gba.gob.ar/documentos/VWOAptGV.html,29/06/2018,http://www.plb.gba.gov.ar/,,,,,,
Dirección de Región I,Ministerio de Justicia y Derechos Humanos,DIRECCIÓN REGIÓN (I A X),Decreto 658/2018,https://normas.gba.gob.ar/documentos/VWOAptGV.html,29/06/2018,http://www.plb.gba.gov.ar/,,,,,,
Dirección de Región II,Ministerio de Justicia y Derechos Humanos,DIRECCIÓN REGIÓN (I A X),Decreto 658/2018,https://normas.gba.gob.ar/documentos/VWOAptGV.html,29/06/2018,http://www.plb.gba.gov.ar/,ILLARREGUI,Adriana,Femenino,Decreto 1802/2022,https://normas.gba.gob.ar/documentos/VNrWewS6.pdf,07/08/2022
Dirección de Región III,Ministerio de Justicia y Derechos Humanos,DIRECCIÓN REGIÓN (I A X),Decreto 658/2018,https://normas.gba.gob.ar/documentos/VWOAptGV.html,29/06/2018,http://www.plb.gba.gov.ar/,CURIMA,Horacio Germán Clemente,Masculino,Decreto 1261/2022,https://normas.gba.gob.ar/ar-b/decreto/2022/1261/316127,13/07/2022
Dirección de Región IV,Ministerio de Justicia y Derechos Humanos,DIRECCIÓN REGIÓN (I A X),Decreto 658/2018,https://normas.gba.gob.ar/documentos/VWOAptGV.html,29/06/2018,http://www.plb.gba.gov.ar/,PIERMARINI,Melina Sol,Femenino,Resolución 119/2025 del Patronato de Liberados Bonaerense,https://normas.gba.gob.ar/ar-b/resolucion/2025/119/512166,17/02/2025
Dirección de Región V,Ministerio de Justicia y Derechos Humanos,DIRECCIÓN REGIÓN (I A X),Decreto 658/2018,https://normas.gba.gob.ar/documentos/VWOAptGV.html,29/06/2018,http://www.plb.gba.gov.ar/,SALIMBENI,Camila,Femenino,Resolución 280/2026 del Patronato de Liberados Bonaerense,https://normas.gba.gob.ar/ar-b/resolucion/2026/280/619483,01/08/2026
Dirección de Región VI,Ministerio de Justicia y Derechos Humanos,DIRECCIÓN REGIÓN (I A X),Decreto 658/2018,https://normas.gba.gob.ar/documentos/VWOAptGV.html,29/06/2018,http://www.plb.gba.gov.ar/,BURONE,Celeste De Los Ángeles,Femenino,Decreto 330/2020,https://normas.gba.gob.ar/documentos/0P36ort7.pdf,09/03/2020
Dirección de Región VII,Ministerio de Justicia y Derechos Humanos,DIRECCIÓN REGIÓN (I A X),Decreto 658/2018,https://normas.gba.gob.ar/documentos/VWOAptGV.html,29/06/2018,http://www.plb.gba.gov.ar/,_____,_,Masculino,,,
Dirección de Región VIII,Ministerio de Justicia y Derechos Humanos,DIRECCIÓN REGIÓN (I A X),Decreto 658/2018,https://normas.gba.gob.ar/documentos/VWOAptGV.html,29/06/2018,http://www.plb.gba.gov.ar/,,,,,,
Dirección de Región IX,Ministerio de Justicia y Derechos Humanos,DIRECCIÓN REGIÓN (I A X),Decreto 658/2018,https://normas.gba.gob.ar/documentos/VWOAptGV.html,29/06/2018,http://www.plb.gba.gov.ar/,LOPEZ,Gustavo Alejandro,Masculino,Decreto 330/2020,https://normas.gba.gob.ar/documentos/0P36ort7.pdf,14/03/2020
Dirección de Región X,Ministerio de Justicia y Derechos Humanos,DIRECCIÓN REGIÓN (I A X),Decreto 658/2018,https://normas.gba.gob.ar/documentos/VWOAptGV.html,29/06/2018,http://www.plb.gba.gov.ar/,MOLINA,Javier Ezequiel,Masculino,Decreto 212/2023,https://normas.gba.gob.ar/documentos/02X7Pksr.pdf,02/12/2022
DEPARTAMENTO LIQUIDACIÓN DE HABERES,Ministerio de Justicia y Derechos Humanos,DIRECCIÓN DELEGADA DE LA DIRECCIÓN PROVINCIAL DE PERSONAL,Decreto 658/2018,https://normas.gba.gob.ar/documentos/VWOAptGV.html,29/06/2018,http://www.plb.gba.gov.ar/,,,,,,
"DEPARTAMENTO REGISTRO, ASISTENCIA Y PLANTELES BÁSICOS",Ministerio de Justicia y Derechos Humanos,DIRECCIÓN DELEGADA DE LA DIRECCIÓN PROVINCIAL DE PERSONAL,Decreto 658/2018,https://normas.gba.gob.ar/documentos/VWOAptGV.html,29/06/2018,http://www.plb.gba.gov.ar/,,,,,,
DEPARTAMENTO SALUD Y SEGURIDAD EN EL TRABAJO,Ministerio de Justicia y Derechos Humanos,DIRECCIÓN DELEGADA DE LA DIRECCIÓN PROVINCIAL DE PERSONAL,Decreto 658/2018,https://normas.gba.gob.ar/documentos/VWOAptGV.html,29/06/2018,http://www.plb.gba.gov.ar/,,,,,,
DEPARTAMENTO CONTABLE Y PRESUPUESTO,Ministerio de Justicia y Derechos Humanos,DIRECCIÓN DE SERVICIOS TÉCNICO ADMINISTRATIVO CONTABLE,Decreto 658/2018,https://normas.gba.gob.ar/documentos/VWOAptGV.html,29/06/2018,http://www.plb.gba.gov.ar/,,,,,,
DEPARTAMENTO COMPRAS Y CONTRATACIONES,Ministerio de Justicia y Derechos Humanos,DIRECCIÓN DE SERVICIOS TÉCNICO ADMINISTRATIVO CONTABLE,Decreto 658/2018,https://normas.gba.gob.ar/documentos/VWOAptGV.html,29/06/2018,http://www.plb.gba.gov.ar/,,,,,,
SUBDIRECCIÓN TÉCNICO – ADMINISTRATIVA,Ministerio de Justicia y Derechos Humanos,DIRECCIÓN DE SERVICIOS TÉCNICO ADMINISTRATIVO CONTABLE,Decreto 658/2018,https://normas.gba.gob.ar/documentos/VWOAptGV.html,29/06/2018,http://www.plb.gba.gov.ar/,,,,,,
DEPARTAMENTO INFRAESTRUCTURA Y PATRIMONIO,Ministerio de Justicia y Derechos Humanos,DIRECCIÓN DE SERVICIOS AUXILIARES,Decreto 658/2018,https://normas.gba.gob.ar/documentos/VWOAptGV.html,29/06/2018,http://www.plb.gba.gov.ar/,,,,,,
DEPARTAMENTO AUTOMOTORES,Ministerio de Justicia y Derechos Humanos,DIRECCIÓN DE SERVICIOS AUXILIARES,Decreto 658/2018,https://normas.gba.gob.ar/documentos/VWOAptGV.html,29/06/2018,http://www.plb.gba.gov.ar/,,,,,,
SUBDIRECCIÓN GENERAL DE COORDINACIÓN,Ministerio de Justicia y Derechos Humanos,DIRECCIÓN GENERAL DE COORDINACIÓN,Decreto 3392/2009,https://normas.gba.gob.ar/documentos/05KQ6t5B.html,29/04/2010,http://www.spb.gba.gov.ar/site/index.php/,_____,_,Masculino,,,
SUBDIRECCIÓN GENERAL DE COMPLEJOS PENITENCIARIOS,Ministerio de Justicia y Derechos Humanos,DIRECCIÓN GENERAL DE COORDINACIÓN,Decreto 3392/2009,https://normas.gba.gob.ar/documentos/05KQ6t5B.html,29/04/2010,http://www.spb.gba.gov.ar/site/index.php/,,,,,,
SUBDIRECCIÓN GENERAL DE INSTITUTOS DE FORMACIÓN Y CAPACITACIÓN,Ministerio de Justicia y Derechos Humanos,Dirección General de Institutos de Formación y Capacitación,Decreto 913/2015,https://normas.gba.gob.ar/documentos/VmRKRNSl.html,14/10/2015,http://www.spb.gba.gov.ar/site/index.php/,,,,,,
SUBDIRECCIÓN GENERAL DE TRABAJO PENITENCIARIO,Ministerio de Justicia y Derechos Humanos,DIRECCIÓN GENERAL DE ASISTENCIA Y TRATAMIENTO PENITENCIARIO,Decreto 3392/2009,https://normas.gba.gob.ar/documentos/05KQ6t5B.html,29/04/2010,http://www.spb.gba.gov.ar/site/index.php/,,,,,,
SUBDIRECCIÓN GENERAL DE ASISTENCIA Y TRATAMIENTO PENITENCIARIO,Ministerio de Justicia y Derechos Humanos,DIRECCIÓN GENERAL DE ASISTENCIA Y TRATAMIENTO PENITENCIARIO,Decreto 3392/2009,https://normas.gba.gob.ar/documentos/05KQ6t5B.html,29/04/2010,http://www.spb.gba.gov.ar/site/index.php/,,,,,,
SUBDIRECCIÓN GENERAL DE EDUCACIÓN,Ministerio de Justicia y Derechos Humanos,DIRECCIÓN GENERAL DE ASISTENCIA Y TRATAMIENTO PENITENCIARIO,Decreto 3392/2009,https://normas.gba.gob.ar/documentos/05KQ6t5B.html,29/04/2010,http://www.spb.gba.gov.ar/site/index.php/,,,,,,
SUBDIRECCIÓN GENERAL DE RECURSOS HUMANOS,Ministerio de Justicia y Derechos Humanos,DIRECCIÓN GENERAL DE RECURSOS HUMANOS,Decreto 3392/2009,https://normas.gba.gob.ar/documentos/05KQ6t5B.html,29/04/2010,http://www.spb.gba.gov.ar/site/index.php/,,,,,,
SUBDIRECCIÓN GENERAL DE SEGURIDAD,Ministerio de Justicia y Derechos Humanos,DIRECCIÓN GENERAL DE SEGURIDAD,Decreto 3392/2009,https://normas.gba.gob.ar/documentos/05KQ6t5B.html,29/04/2010,http://www.spb.gba.gov.ar/site/index.php/,,,,,,
DEPARTAMENTO PROGRAMAS,Ministerio de Justicia y Derechos Humanos,SUBDIRECCIÓN DE ASISTENCIA Y TRATAMIENTO,Decreto 658/2018,https://normas.gba.gob.ar/documentos/VWOAptGV.html,29/06/2018,http://www.plb.gba.gov.ar/,,,,,,
DEPARTAMENTO SOPORTE TÉCNICO Y ADMINISTRACIÓN DE REDES,Ministerio de Justicia y Derechos Humanos,SUBDIRECCIÓN DE COORDINACIÓN DE SISTEMAS Y SOPORTE TÉCNICO,Decreto 658/2018,https://normas.gba.gob.ar/documentos/VWOAptGV.html,29/06/2018,http://www.plb.gba.gov.ar/,,,,,,
DEPARTAMENTO GESTIÓN Y CONTROL DE CALIDAD EN SISTEMAS INFORMÁTICOS,Ministerio de Justicia y Derechos Humanos,SUBDIRECCIÓN DE COORDINACIÓN DE SISTEMAS Y SOPORTE TÉCNICO,Decreto 658/2018,https://normas.gba.gob.ar/documentos/VWOAptGV.html,29/06/2018,http://www.plb.gba.gov.ar/,,,,,,
DEPARTAMENTO REGISTRO Y SEGUIMIENTO DE LA EJECUCIÓN PENAL,Ministerio de Justicia y Derechos Humanos,SUBDIRECCIÓN DE CONTROL DE LA CONDENA Y MEDIDAS JUDICIALES,Decreto 658/2018,https://normas.gba.gob.ar/documentos/VWOAptGV.html,29/06/2018,http://www.plb.gba.gov.ar/,,,,,,
DIRECCIÓN DE SISTEMAS,Ministerio de Justicia y Derechos Humanos,SUBDIRECCIÓN GENERAL DE COORDINACIÓN,Decreto 3392/2009,https://normas.gba.gob.ar/documentos/05KQ6t5B.html,29/04/2010,http://www.spb.gba.gov.ar/site/index.php/,,,,,,
DIRECCIÓN DE INFRAESTRUCTURA EDILICIA,Ministerio de Justicia y Derechos Humanos,SUBDIRECCIÓN GENERAL DE COORDINACIÓN,Decreto 3392/2009,https://normas.gba.gob.ar/documentos/05KQ6t5B.html,29/04/2010,http://www.spb.gba.gov.ar/site/index.php/,,,,,,
DIRECCIÓN DE ASUNTOS JURÍDICOS Y DERECHOS HUMANOS,Ministerio de Justicia y Derechos Humanos,SUBDIRECCIÓN GENERAL DE COORDINACIÓN,Decreto 3392/2009,https://normas.gba.gob.ar/documentos/05KQ6t5B.html,29/04/2010,http://www.spb.gba.gov.ar/site/index.php/,,,,,,
DIRECCIÓN DE CARRERA PENITENCIARIA,Ministerio de Justicia y Derechos Humanos,SUBDIRECCIÓN GENERAL DE INSTITUTOS DE FORMACIÓN Y CAPACITACIÓN,Decreto 913/2015,https://normas.gba.gob.ar/documentos/VmRKRNSl.html,14/10/2015,http://www.spb.gba.gov.ar/site/index.php/,,,,,,
DIRECCIÓN DE ESTUDIOS PENITENCIARIOS,Ministerio de Justicia y Derechos Humanos,SUBDIRECCIÓN GENERAL DE INSTITUTOS DE FORMACIÓN Y CAPACITACIÓN,Decreto 913/2015,https://normas.gba.gob.ar/documentos/VmRKRNSl.html,14/10/2015,http://www.spb.gba.gov.ar/site/index.php/,,,,,,
DIRECCIÓN DE TRABAJO PENITENCIARIO,Ministerio de Justicia y Derechos Humanos,SUBDIRECCIÓN GENERAL DE TRABAJO PENITENCIARIO,Decreto 3392/2009,https://normas.gba.gob.ar/documentos/05KQ6t5B.html,29/04/2010,http://www.spb.gba.gov.ar/site/index.php/,,,,,,
DIRECCIÓN DE REGISTRO JUDICIAL,Ministerio de Justicia y Derechos Humanos,SUBDIRECCIÓN GENERAL DE ASISTENCIA Y TRATAMIENTO PENITENCIARIO,Decreto 3392/2009,https://normas.gba.gob.ar/documentos/05KQ6t5B.html,29/04/2010,http://www.spb.gba.gov.ar/site/index.php/,,,,,,
DIRECCIÓN DE COORDINACIÓN DE ASISTENCIA Y TRATAMIENTO PENITENCIARIO,Ministerio de Justicia y Derechos Humanos,SUBDIRECCIÓN GENERAL DE ASISTENCIA Y TRATAMIENTO PENITENCIARIO,Decreto 3392/2009,https://normas.gba.gob.ar/documentos/05KQ6t5B.html,29/04/2010,http://www.spb.gba.gov.ar/site/index.php/,,,,,,
DIRECCIÓN DE EDUCACIÓN,Ministerio de Justicia y Derechos Humanos,SUBDIRECCIÓN GENERAL DE EDUCACIÓN,Decreto 3392/2009,https://normas.gba.gob.ar/documentos/05KQ6t5B.html,29/04/2010,http://www.spb.gba.gov.ar/site/index.php/,,,,,,
DIRECCIÓN DE PERSONAL,Ministerio de Justicia y Derechos Humanos,SUBDIRECCIÓN GENERAL DE RECURSOS HUMANOS,Decreto 3392/2009,https://normas.gba.gob.ar/documentos/05KQ6t5B.html,29/04/2010,http://www.spb.gba.gov.ar/site/index.php/,,,,,,
DIRECCIÓN DE ACCIÓN SOCIAL,Ministerio de Justicia y Derechos Humanos,SUBDIRECCIÓN GENERAL DE RECURSOS HUMANOS,Decreto 3392/2009,https://normas.gba.gob.ar/documentos/05KQ6t5B.html,29/04/2010,http://www.spb.gba.gov.ar/site/index.php/,,,,,,
DIRECCIÓN DE PLANEAMIENTO,Ministerio de Justicia y Derechos Humanos,SUBDIRECCIÓN GENERAL DE SEGURIDAD,Decreto 3392/2009,https://normas.gba.gob.ar/documentos/05KQ6t5B.html,29/04/2010,http://www.spb.gba.gov.ar/site/index.php/,,,,,,
DIRECCIÓN DE LOGÍSTICA,Ministerio de Justicia y Derechos Humanos,SUBDIRECCIÓN GENERAL DE SEGURIDAD,Decreto 3392/2009,https://normas.gba.gob.ar/documentos/05KQ6t5B.html,29/04/2010,http://www.spb.gba.gov.ar/site/index.php/,,,,,,
DIRECCIÓN DE OPERACIONES,Ministerio de Justicia y Derechos Humanos,SUBDIRECCIÓN GENERAL DE SEGURIDAD,Decreto 3392/2009,https://normas.gba.gob.ar/documentos/05KQ6t5B.html,29/04/2010,http://www.spb.gba.gov.ar/site/index.php/,,,,,,
DIRECCIÓN DE MONITOREO ELECTRÓNICO,Ministerio de Justicia y Derechos Humanos,SUBDIRECCIÓN GENERAL DE SEGURIDAD,Decreto 3392/2009,https://normas.gba.gob.ar/documentos/05KQ6t5B.html,29/04/2010,http://www.spb.gba.gov.ar/site/index.php/,,,,,,
