unidad,jurisdiccion_nombre,responde_a,unidad_fundamento,unidad_fundamento_enlace,unidad_fundamento_publicacion,unidad_enlace,autoridad_apellido,autoridad_nombre,autoridad_genero,autoridad_fundamento,autoridad_fundamento_enlace,autoridad_fecha_inicio
Ministerio de Seguridad,Ministerio de Seguridad,Gobernación de la Provincia de Buenos Aires,Ley 15477,https://normas.gba.gob.ar/ar-b/ley/2023/15477/406431,29/12/2023,http://www.mseg.gba.gov.ar/,ALONSO,Eduardo Javier,Masculino,Decreto 14 B/2023,https://normas.gba.gob.ar/ar-b/decreto/2023/14b/403257,
"Subsecretaría Técnica, Administrativa y Legal",Ministerio de Seguridad,Ministerio de Seguridad,Decreto 275/2021,https://normas.gba.gob.ar/ar-b/decreto/2021/275/238545,17/05/2021,https://www.mseg.gba.gov.ar/,HERRERA,Carlos Daniel,Masculino,Decreto 2855/2025,https://normas.gba.gob.ar/ar-b/decreto/2025/2855/550359,01/11/2025
Subsecretaría de Coordinación y Logística Operativa,Ministerio de Seguridad,Ministerio de Seguridad,Decreto 275/2021,https://normas.gba.gob.ar/ar-b/decreto/2021/275/238545,17/05/2021,http://www.mseg.gba.gov.ar/,RODRIGUEZ,CRISTIN ,Masculino,Decreto 56/2024,https://normas.gba.gob.ar/ar-b/decreto/2024/56/411405,13/12/2023
Subsecretaría de Participación Ciudadana,Ministerio de Seguridad,Ministerio de Seguridad,Decreto 275/2021,https://normas.gba.gob.ar/ar-b/decreto/2021/275/238545,17/05/2021,http://www.mseg.gba.gov.ar/,MARCOS,Solange,Femenino,Decreto 1308/2022,https://normas.gba.gob.ar/documentos/VJ9QvYTm.pdf,01/08/2022
Subsecretaría de Formación y Desarrollo Profesional,Ministerio de Seguridad,Ministerio de Seguridad,Decreto 2369/2022,https://normas.gba.gob.ar/documentos/0XRN9bcd.pdf,11/01/2023,http://www.mseg.gba.gov.ar/,PACHO,Ignacio Hernán,Masculino,Decreto 92/2024,https://normas.gba.gob.ar/ar-b/decreto/2024/92/413976,13/12/2023
Subsecretaría de Emergencias,Ministerio de Seguridad,Ministerio de Seguridad,Decreto 275/2021,https://normas.gba.gob.ar/ar-b/decreto/2021/275/238545,17/05/2021,http://www.mseg.gba.gov.ar/,SALMAN,Alicia Marcela,Femenino,Decreto 130/2020,https://normas.gba.gob.ar/documentos/0ZARY8hE.html,11/12/2019
SUBSECRETARÍA DE ARTICULACIÓN INSTITUCIONAL PARA LA SEGURIDAD,Ministerio de Seguridad,Ministerio de Seguridad,Decreto 275/2021,https://normas.gba.gob.ar/ar-b/decreto/2021/275/238545,17/05/2021,http://www.mseg.gba.gov.ar/,APARICIO,Eduardo Ricardo,Masculino,Decreto 55/2024,https://normas.gba.gob.ar/ar-b/decreto/2024/55/411403,01/01/2024
Auditoría General de Asuntos Internos,Ministerio de Seguridad,Ministerio de Seguridad,Decreto 2369/2022,https://normas.gba.gob.ar/documentos/0XRN9bcd.pdf,11/01/2023,http://www.mseg.gba.gov.ar/,DIAZ ,Darío Ricardo,Masculino,Decreto 130/2020,https://normas.gba.gob.ar/documentos/0ZARY8hE.html,11/12/2019
Unidad de Coordinación de Políticas de Seguridad,Ministerio de Seguridad,Ministerio de Seguridad,,,,http://www.mseg.gba.gov.ar/,SCHUMACHER,Herman Antonio,Masculino,Decreto 775/2020,https://normas.gba.gob.ar/documentos/BdaD78CO.pdf,01/02/2020
Agencia de Prevención de Violencia en el deporte (A.Pre.Vi.De.),Ministerio de Seguridad,Ministerio de Seguridad,Decreto 275/2021,https://normas.gba.gob.ar/ar-b/decreto/2021/275/238545,17/05/2021,http://www.mseg.gba.gov.ar/,CIMADEVILA,Guillermo,Masculino,Decreto 140/2024,https://normas.gba.gob.ar/ar-b/decreto/2024/140/414805,01/01/2024
Dirección Provincial de Análisis Informativo,Ministerio de Seguridad,Ministerio de Seguridad,Decreto 275/2021,https://normas.gba.gob.ar/ar-b/decreto/2021/275/238545,17/05/2021,http://www.mseg.gba.gov.ar/,VON SCHMELING,Marcelo,Masculino,Resolución 963/2020 del Ministerio de Seguridad,https://normas.gba.gob.ar/documentos/VJJ2P5Cm.pdf,01/08/2020
Unidad Ministro,Ministerio de Seguridad,Ministerio de Seguridad,Decreto 275/2021,https://normas.gba.gob.ar/ar-b/decreto/2021/275/238545,17/05/2021,http://www.mseg.gba.gov.ar/,NAZABAL,Néstor Hugo,Masculino,Resolución 1440/2025 del Ministerio de Seguridad,https://normas.gba.gob.ar/ar-b/resolucion/2025/1440/525875,01/07/2025
Subsecretaría de Planificación e Inteligencia Criminal,Ministerio de Seguridad,Ministerio de Seguridad,Decreto 275/2021,https://normas.gba.gob.ar/ar-b/decreto/2021/275/238545,17/05/2021,http://www.mseg.gba.gov.ar/,FERNANDEZ CIATTI,Sebastián,Masculino,Decreto 130/2020,https://normas.gba.gob.ar/documentos/0ZARY8hE.html,11/12/2019
POLICÍA DE LA PROVINCIA DE BUENOS AIRES LEY N° 13982,Ministerio de Seguridad,Ministerio de Seguridad,Ley 13982,https://normas.gba.gov.ar/documentos/xDZ3rUKV.pdf,27/04/2009,http://www.mseg.gba.gov.ar/,,,,,,
SUBSECRETARÍA DE FISCALIZACIÓN Y CONTROL POLICIAL DEL AMBA Y CAPITAL,Ministerio de Seguridad,Ministerio de Seguridad,Decreto 275/2021,https://normas.gba.gob.ar/ar-b/decreto/2021/275/238545,17/05/2021,http://www.mseg.gba.gov.ar/,ESCUDERO,Andrés Horacio,Masculino,Decreto 80/2024,https://normas.gba.gob.ar/ar-b/decreto/2024/80/412046,13/12/2023
SUBSECRETARÍA DE FISCALIZACIÓN Y CONTROL POLICIAL DEL INTERIOR,Ministerio de Seguridad,Ministerio de Seguridad,Decreto 275/2021,https://normas.gba.gob.ar/ar-b/decreto/2021/275/238545,17/05/2021,http://www.mseg.gba.gov.ar/,MONTERO,Federico Sebastián,Masculino,Decreto 352/2024,https://normas.gba.gob.ar/ar-b/decreto/2024/352/427433,21/03/2024
SUBSECRETARÍA DE PROMOCIÓN DE LA SALUD Y EL BIENESTAR POLICIAL,Ministerio de Seguridad,Ministerio de Seguridad,Decreto 275/2021,https://normas.gba.gob.ar/ar-b/decreto/2021/275/238545,17/05/2021,http://www.mseg.gba.gov.ar/,BAUDINO,Agustina María ,Femenino,Decreto 40/2024,https://normas.gba.gob.ar/ar-b/decreto/2024/40/410508,01/01/2024
SUBSECRETARÍA DE TECNOLOGÍAS APLICADAS A LA SEGURIDAD,Ministerio de Seguridad,Ministerio de Seguridad,Decreto 275/2021,https://normas.gba.gob.ar/ar-b/decreto/2021/275/238545,17/05/2021,http://www.mseg.gba.gov.ar/,IDIART FACETTA,Mauricio Daniel,Masculino,Decreto 566/2021,https://normas.gba.gov.ar/documentos/0YWgAkFv.pdf,17/05/2021
SUBSECRETARIA DE GESTIÓN DE REGISTROS Y SEGURIDAD PRIVADA,Ministerio de Seguridad,Ministerio de Seguridad,Decreto 275/2021,https://normas.gba.gob.ar/ar-b/decreto/2021/275/238545,17/05/2021,http://www.mseg.gba.gov.ar/,BOGGIONE,Santiago,Masculino,Decreto 2782/2024,https://normas.gba.gob.ar/ar-b/decreto/2024/2782/470795,01/10/2024
Unidad de Control de Gestión,Ministerio de Seguridad,Ministerio de Seguridad,Decreto 275/2021,https://normas.gba.gob.ar/ar-b/decreto/2021/275/238545,17/05/2021,https://www.mseg.gba.gov.ar/,RUIZ,Darío,Masculino,Resolución 1527/2021 del Ministerio de Seguridad,https://normas.gba.gob.ar/documentos/0zlQopuX.pdf,17/05/2021
"Caja de Retiros, Jubilaciones y Pensiones (Directorio)",Ministerio de Seguridad,Ministerio de Seguridad,Ley 13236,https://normas.gba.gob.ar/documentos/xAzabfRB.pdf,15/10/2004,https://www.cajapolicia.gob.ar/,LANGONE,Carlos Enrique,Masculino,Decreto 69/2018,https://normas.gba.gob.ar/ar-b/decreto/2018/69/172286,
Jefatura de Policía,Ministerio de Seguridad,Ministerio de Seguridad,Decreto 141/2020,https://normas.gba.gob.ar/documentos/0X8JXOhd.pdf,20/03/2020,https://www.mseg.gba.gov.ar/,VILLAR,Javier Carlos ,Masculino,Decreto 138/2024,https://normas.gba.gob.ar/ar-b/decreto/2024/138/414803,01/02/2024
Dirección General Técnica y Legal,Ministerio de Seguridad,"Subsecretaría Técnica, Administrativa y Legal",Decreto 275/2021,https://normas.gba.gob.ar/ar-b/decreto/2021/275/238545,17/05/2021,http://www.mseg.gba.gov.ar/,QUINTEROS,Gabriela Luciana,Femenino,Resolución 2531/2025 del Ministerio de Seguridad,https://normas.gba.gob.ar/ar-b/resolucion/2025/2531/550631,01/11/2025
Dirección General de Administración ,Ministerio de Seguridad,"Subsecretaría Técnica, Administrativa y Legal",Decreto 275/2021,https://normas.gba.gob.ar/ar-b/decreto/2021/275/238545,17/05/2021,http://www.mseg.gba.gov.ar/,RUSCUNI,Juan Manuel,Masculino,Resolución 316/2024 del Ministerio de Seguridad,https://normas.gba.gob.ar/ar-b/resolucion/2024/316/416531,31/01/2024
Dirección Provincial de Coordinación de Delegaciones Administrativas Departamentales,Ministerio de Seguridad,"Subsecretaría Técnica, Administrativa y Legal",Decreto 275/2021,https://normas.gba.gob.ar/ar-b/decreto/2021/275/238545,17/05/2021,http://www.mseg.gba.gov.ar/,DI GIOVAN BATTISTA,Juan Pablo,Femenino,Resolución 956/2026 del Ministerio de Seguridad,https://normas.gba.gob.ar/ar-b/resolucion/2026/956/588058,01/04/2026
Dirección General de Personal,Ministerio de Seguridad,"Subsecretaría Técnica, Administrativa y Legal",Decreto 275/2021,https://normas.gba.gob.ar/ar-b/decreto/2021/275/238545,17/05/2021,http://www.mseg.gba.gov.ar/,CERRUDO,Ramiro Gastón,Masculino,Resolución 70/2020 del Ministerio de Seguridad,https://normas.gba.gob.ar/documentos/VRGMGMHy.pdf,17/01/2020
Dirección Provincial de Aeronavegación Oficial y Planificación Aeroportuaria,Ministerio de Seguridad,Subsecretaría de Coordinación y Logística Operativa,Decreto 275/2021,https://normas.gba.gob.ar/ar-b/decreto/2021/275/238545,17/05/2021,http://www.mseg.gba.gov.ar/,PEDRETTI ,Ángel Gabriel,Masculino,Resolución 2055/2023 del Ministerio de Seguridad,https://normas.gba.gob.ar/ar-b/resolucion/2023/2055/381449,21/06/2023
Dirección Provincial de Logística Operativa,Ministerio de Seguridad,Subsecretaría de Coordinación y Logística Operativa,Decreto 275/2021,https://normas.gba.gob.ar/ar-b/decreto/2021/275/238545,17/05/2021,http://www.mseg.gba.gov.ar/,PEREZ ZOILO,Gustavo Javier,Masculino,Resolución 1300/2025 del Ministerio de Seguridad,https://normas.gba.gob.ar/ar-b/resolucion/2025/1300/521890,28/05/2025
Dirección Provincial de Suministros,Ministerio de Seguridad,Subsecretaría de Coordinación y Logística Operativa,,,,http://www.mseg.gba.gov.ar/,_____,_,Masculino,,,
Dirección General de Recursos Informáticos y Comunicaciones,Ministerio de Seguridad,Subsecretaría de Coordinación y Logística Operativa,,,,http://www.mseg.gba.gov.ar/,_____,_,Masculino,,,
Dirección Provincial de Arquitectura Policial,Ministerio de Seguridad,Subsecretaría de Coordinación y Logística Operativa,Decreto 275/2021,https://normas.gba.gob.ar/ar-b/decreto/2021/275/238545,17/05/2021,http://www.mseg.gba.gov.ar/,COSTA,Mauro,Masculino,Resolución 673/2022 del Ministerio de Seguridad,https://normas.gba.gob.ar/documentos/xAALjnuR.pdf,15/03/2022
DIRECCIÓN PROVINCIAL DE TRANSPORTE,Ministerio de Seguridad,Subsecretaría de Coordinación y Logística Operativa,Decreto 275/2021,https://normas.gba.gob.ar/ar-b/decreto/2021/275/238545,17/05/2021,http://www.mseg.gba.gov.ar/,BARBOSA,Hermenegildo,Masculino,Resolución 1231/2024 del Ministerio de Seguridad,https://normas.gba.gob.ar/ar-b/resolucion/2024/1231/439711,01/05/2024
DIRECCIÓN PROVINCIAL DE APOYO A EMERGENCIAS,Ministerio de Seguridad,Subsecretaría de Coordinación y Logística Operativa,Decreto 275/2021,https://normas.gba.gob.ar/ar-b/decreto/2021/275/238545,17/05/2021,http://www.mseg.gba.gov.ar/,PAVON,Raúl Alberto,Masculino,Resolución 108/2024 del Ministerio de Seguridad,https://normas.gba.gob.ar/ar-b/resolucion/2024/108/413712,01/01/2024
"DIRECCIÓN PROVINCIAL DE VETERINARIA, BROMATOLOGÍA Y CINOTECNIA ",Ministerio de Seguridad,Subsecretaría de Coordinación y Logística Operativa,Decreto 275/2021,https://normas.gba.gob.ar/ar-b/decreto/2021/275/238545,17/05/2021,http://www.mseg.gba.gov.ar/,DOYLE,Virginia,Femenino,Resolución 160/2022 del Ministerio de Seguridad,https://normas.gba.gob.ar/documentos/xkdOXjcR.pdf,01/01/2022
DIRECCIÓN PROVINCIAL DE PLANEAMIENTO LOGÍSTICO,Ministerio de Seguridad,Subsecretaría de Coordinación y Logística Operativa,Decreto 275/2021,https://normas.gba.gob.ar/ar-b/decreto/2021/275/238545,17/05/2021,http://www.mseg.gba.gov.ar/,VALDEZ ,José María,Masculino,Resolución 1300/2025 del Ministerio de Seguridad,https://normas.gba.gob.ar/ar-b/resolucion/2025/1300/521890,28/05/2025
DIRECCIÓN PROVINCIAL DE ARQUITECTURA POLICIAL,Ministerio de Seguridad,Subsecretaría de Coordinación y Logística Operativa,Decreto 275/2021,https://normas.gba.gob.ar/ar-b/decreto/2021/275/238545,17/05/2021,http://www.mseg.gba.gov.ar/,,,,,,
Dirección Provincial de Relaciones Interjurisdiccionales,Ministerio de Seguridad,Subsecretaría de Participación Ciudadana,Decreto 275/2021,https://normas.gba.gob.ar/ar-b/decreto/2021/275/238545,17/05/2021,http://www.mseg.gba.gov.ar/,GOMEZ,Gastón Ezequiel,Masculino,Resolución 1067/2025 del Ministerio de Seguridad,https://normas.gba.gob.ar/ar-b/resolucion/2025/1067/516869,01/05/2025
Dirección Provincial de Prevención del Delito y la Violencia,Ministerio de Seguridad,Subsecretaría de Participación Ciudadana,Decreto 275/2021,https://normas.gba.gob.ar/ar-b/decreto/2021/275/238545,17/05/2021,http://www.mseg.gba.gov.ar/,VICECONTE,Carlos Alberto,Masculino,Resolución 2557/2022 del Ministerio de Seguridad,https://normas.gba.gob.ar/documentos/ByGNO4il.pdf,17/10/2022
Dirección Provincial de Relaciones con la Comunidad,Ministerio de Seguridad,Subsecretaría de Participación Ciudadana,Decreto 275/2021,https://normas.gba.gob.ar/ar-b/decreto/2021/275/238545,17/05/2021,http://www.mseg.gba.gov.ar/,_____,_,Masculino,,,
"Dirección Provincial de Formación, Capacitación y Evaluación ",Ministerio de Seguridad,Subsecretaría de Formación y Desarrollo Profesional,Decreto 2369/2022,https://normas.gba.gob.ar/documentos/0XRN9bcd.pdf,11/01/2023,http://www.mseg.gba.gov.ar/,MEZA, Martín Ariel,Masculino,Resolución 1375/2023 del Ministerio de Seguridad,https://normas.gba.gob.ar/ar-b/resolucion/2023/1375/367257,01/04/2023
Dirección Provincial de Profesionalización del Sistema de Seguridad Pública,Ministerio de Seguridad,Subsecretaría de Formación y Desarrollo Profesional,Decreto 2369/2022,https://normas.gba.gob.ar/documentos/0XRN9bcd.pdf,11/01/2023,http://www.mseg.gba.gov.ar/,ELICEGUI,Pablo Javier,Masculino,Resolución 166/2020 del Ministerio de Seguridad,https://normas.gba.gob.ar/documentos/02JA4vur.pdf,01/02/2020
Dirección Provincial de Políticas de Género y Derechos Humanos,Ministerio de Seguridad,Subsecretaría de Formación y Desarrollo Profesional,Decreto 2369/2022,https://normas.gba.gob.ar/documentos/0XRN9bcd.pdf,11/01/2023,http://www.mseg.gba.gov.ar/,CUTURA,Romina Edith,Femenino,Resolución 158/2022 del Ministerio de Seguridad,https://normas.gba.gob.ar/documentos/V9r5becW.pdf,06/12/2021
Dirección Provincial de Defensa Civil,Ministerio de Seguridad,Subsecretaría de Emergencias,Decreto 275/2021,https://normas.gba.gob.ar/ar-b/decreto/2021/275/238545,17/05/2021,http://www.mseg.gba.gov.ar/,GARCIA,Fabián Alejandro Jaime,Masculino,Resolución 85/2020 del Ministerio de Seguridad,https://normas.gba.gob.ar/documentos/BLmYmnIM.pdf,28/01/2020
Dirección Provincial de Riesgos y Emergencias,Ministerio de Seguridad,Subsecretaría de Emergencias,Decreto 275/2021,https://normas.gba.gob.ar/ar-b/decreto/2021/275/238545,17/05/2021,http://www.mseg.gba.gov.ar/,ANAYA,Daniel Carlos,Masculino,Resolución 1325/2021 del Ministerio de Seguridad,https://normas.gba.gov.ar/documentos/Vrop6zfG.pdf,01/06/2020
Comisión Provincial de Guardavidas,Ministerio de Seguridad,Subsecretaría de Emergencias,Decreto 275/2021,https://normas.gba.gob.ar/ar-b/decreto/2021/275/238545,17/05/2021,http://www.mseg.gba.gov.ar/,BRONTE ARMIROTTI,Emiliano Roberto,Masculino,Resolución 1985/2026 del Ministerio de Seguridad,https://normas.gba.gob.ar/ar-b/resolucion/2026/1985/612663,01/07/2026
DIRECCIÓN PROVINCIAL DE COOPERACIÓN INSTITUCIONAL,Ministerio de Seguridad,SUBSECRETARÍA DE ARTICULACIÓN INSTITUCIONAL PARA LA SEGURIDAD,Decreto 275/2021,https://normas.gba.gob.ar/ar-b/decreto/2021/275/238545,17/05/2021,http://www.mseg.gba.gov.ar/,PINO,Maria Soledad,Femenino,Resolución 119/2025 del Ministerio de Seguridad,https://normas.gba.gob.ar/ar-b/resolucion/2025/119/488897,01/11/2024
DIRECCIÓN PROVINCIAL DE SEGUIMIENTO DE LA CARRERA POLICIAL,Ministerio de Seguridad,SUBSECRETARÍA DE ARTICULACIÓN INSTITUCIONAL PARA LA SEGURIDAD,Decreto 275/2021,https://normas.gba.gob.ar/ar-b/decreto/2021/275/238545,17/05/2021,http://www.mseg.gba.gov.ar/,TORRES,Martín Miguel,Masculino,Resolución 594/2024 del Ministerio de Seguridad,https://normas.gba.gob.ar/ar-b/resolucion/2024/594/426467,01/02/2024
DIRECCIÓN PROVINCIAL DE APOYO A LA GESTIÓN ADMINISTRATIVA Y JUDICIAL,Ministerio de Seguridad,SUBSECRETARÍA DE ARTICULACIÓN INSTITUCIONAL PARA LA SEGURIDAD,Decreto 275/2021,https://normas.gba.gob.ar/ar-b/decreto/2021/275/238545,17/05/2021,http://www.mseg.gba.gov.ar/,BRAVO,Pablo Oscar David,Masculino,Resolución 1770/2024 del Ministerio de Seguridad,https://normas.gba.gob.ar/ar-b/resolucion/2024/1770/451255,01/06/2024
Auditoría Sumarial I,Ministerio de Seguridad,Auditoría General de Asuntos Internos,,,,https://www.mseg.gba.gov.ar/,_____,_,Masculino,,,
Auditoría Sumarial IV,Ministerio de Seguridad,Auditoría General de Asuntos Internos,,,,https://www.mseg.gba.gov.ar/,PEZZUTTI,María Daniela ,Femenino,Decreto 584/2016,http://www.gob.gba.gov.ar/intranet/digesto/PDF/D0584-16.pdf,01/04/2016
Auditoría Sumarial Especializada en Transparencia e Investigaciones Patrimoniales,Ministerio de Seguridad,Auditoría General de Asuntos Internos,Decreto 2369/2022,https://normas.gba.gob.ar/documentos/0XRN9bcd.pdf,11/01/2023,http://www.mseg.gba.gov.ar/,BARBERIS,Rosario,Femenino,Resolución 544/2020 del Ministerio de Seguridad,https://normas.gba.gob.ar/documentos/V9OYMacW.pdf,08/03/2020
Auditoría Sumarial II,Ministerio de Seguridad,Auditoría General de Asuntos Internos,,,,http://www.mseg.gba.gov.ar/,GARCIA,Joaquín María,Masculino,Resolución 232/2020 del Ministerio de Seguridad,https://normas.gba.gob.ar/documentos/B7Og9rFK.pdf,02/03/2020
Dirección de Políticas de Prevención y Transparencia,Ministerio de Seguridad,Auditoría General de Asuntos Internos,Decreto 275/2021,https://normas.gba.gob.ar/ar-b/decreto/2021/275/238545,17/05/2021,http://www.mseg.gba.gov.ar/,FERRO,Natalia Soledad,Femenino,Resolución 232/2020 del Ministerio de Seguridad,https://normas.gba.gob.ar/documentos/B7Og9rFK.pdf,11/12/2019
Dirección General de Coordinación y Apoyo,Ministerio de Seguridad,Auditoría General de Asuntos Internos,Decreto 2369/2022,https://normas.gba.gob.ar/documentos/0XRN9bcd.pdf,11/01/2023,http://www.mseg.gba.gov.ar/,CASIMON,Víctor Maximiliano,Masculino,Resolución 2647/2024 del Ministerio de Seguridad,https://normas.gba.gob.ar/ar-b/resolucion/2024/2647/476272,14/10/2024
Dirección General de Asistencia Operacional,Ministerio de Seguridad,Auditoría General de Asuntos Internos,Decreto 2369/2022,https://normas.gba.gob.ar/documentos/0XRN9bcd.pdf,11/01/2023,http://www.mseg.gba.gov.ar/,LAPENTA,Santiago Agustín,Masculino,Resolución 2730/2025 del Ministerio de Seguridad,https://normas.gba.gob.ar/ar-b/resolucion/2025/2700/554946,03/11/2025
Dirección General Legal y Técnica de Auditoría,Ministerio de Seguridad,Auditoría General de Asuntos Internos,Decreto 2369/2022,https://normas.gba.gob.ar/documentos/0XRN9bcd.pdf,11/01/2023,http://www.mseg.gba.gov.ar/,,,,,,
Auditoría Sumarial I,Ministerio de Seguridad,Auditoría General de Asuntos Internos,,,,http://www.mseg.gba.gov.ar/,REBUFFO,Lorena Sabrina Verónica,Femenino,Resolución 266/2020 del Ministerio de Seguridad,https://normas.gba.gob.ar/documentos/0ZARz4Fq.pdf,02/03/2020
Auditoría Sumarial II,Ministerio de Seguridad,Auditoría General de Asuntos Internos,,,,http://www.mseg.gba.gov.ar/,GARCIA,Joaquín María,Masculino,Resolución 232/2020 del Ministerio de Seguridad,https://normas.gba.gob.ar/documentos/B7Og9rFK.pdf,02/03/2020
Auditoría Sumarial III,Ministerio de Seguridad,Auditoría General de Asuntos Internos,,,,http://www.mseg.gba.gov.ar/,,,,,,
Auditoría Sumarial IV,Ministerio de Seguridad,Auditoría General de Asuntos Internos,,,,http://www.mseg.gba.gov.ar/,_____,_,Masculino,,,
AUDITORÍA SUMARIAL (I A IV),Ministerio de Seguridad,Auditoría General de Asuntos Internos,Decreto 2369/2022,https://normas.gba.gob.ar/documentos/0XRN9bcd.pdf,11/01/2023,http://www.mseg.gba.gov.ar/,,,,,,
AUDITORÍA SUMARIAL ESPECIALIZADA EN VIOLENCIA POR RAZONES DE GÉNERO Y FAMILIAR,Ministerio de Seguridad,Auditoría General de Asuntos Internos,Decreto 2369/2022,https://normas.gba.gob.ar/documentos/0XRN9bcd.pdf,11/01/2023,http://www.mseg.gba.gov.ar/,DUMON,María Carolina,Femenino,Resolución 353/2023 del Ministerio de Seguridad,https://normas.gba.gob.ar/documentos/0PrrNDs7.pdf,12/01/2023
DIRECCIÓN GENERAL DE PREVENCIÓN Y ABORDAJE DE LAS VIOLENCIAS,Ministerio de Seguridad,Auditoría General de Asuntos Internos,Decreto 2369/2022,https://normas.gba.gob.ar/documentos/0XRN9bcd.pdf,11/01/2023,http://www.mseg.gba.gov.ar/,PIANA,Laura Daniela,Femenino,Resolución 327/2023 del Ministerio de Seguridad,https://normas.gba.gob.ar/ar-b/resolucion/2023/327/348789,12/01/2023
INSTRUCTOR/A DE ASUNTOS INTERNOS ESPECIALIZADO/A EN VIOLENCIA POR RAZONES DE GÉNERO Y FAMILIAR (I),Ministerio de Seguridad,Auditoría General de Asuntos Internos,Decreto 2369/2022,https://normas.gba.gob.ar/documentos/0XRN9bcd.pdf,11/01/2023,http://www.mseg.gba.gov.ar/,CARBALLO,María Laura,Femenino,Resolución 558/2023 del Ministerio de Seguridad,https://normas.gba.gob.ar/documentos/VWkXQPIY.pdf,01/03/2023
INSTRUCTOR/A DE ASUNTOS INTERNOS ESPECIALIZADO/A EN VIOLENCIA POR RAZONES DE GÉNERO Y FAMILIAR (II),Ministerio de Seguridad,Auditoría General de Asuntos Internos,Decreto 2369/2022,https://normas.gba.gob.ar/documentos/0XRN9bcd.pdf,11/01/2023,http://www.mseg.gba.gov.ar/,DE BATTISTA,Alana Melina Rita,Femenino,Resolución 569/2023 del Ministerio de Seguridad,https://normas.gba.gob.ar/documentos/BekzZ5fj.pdf,01/03/2023
INSTRUCTOR/A DE ASUNTOS INTERNOS ESPECIALIZADO/A EN VIOLENCIA POR RAZONES DE GÉNERO Y FAMILIAR (III),Ministerio de Seguridad,Auditoría General de Asuntos Internos,Decreto 2369/2022,https://normas.gba.gob.ar/documentos/0XRN9bcd.pdf,11/01/2023,http://www.mseg.gba.gov.ar/,DE BATTISTA,Lelia Graciela Rita,Femenino,Resolución 572/2023 del Ministerio de Seguridad,https://normas.gba.gob.ar/documentos/VNkJoys6.pdf,12/01/2023
Instructores de Asuntos Internos (48),Ministerio de Seguridad,Auditoría General de Asuntos Internos,Decreto 275/2021,https://normas.gba.gob.ar/ar-b/decreto/2021/275/238545,17/05/2021,http://www.mseg.gba.gov.ar/,,,,,,
INSTRUCTOR/A DE ASUNTOS INTERNOS ESPECIALIZADO/A EN VIOLENCIA POR RAZONES DE GÉNERO Y FAMILIAR (IV),Ministerio de Seguridad,Auditoría General de Asuntos Internos,Decreto 2369/2022,https://normas.gba.gob.ar/documentos/0XRN9bcd.pdf,11/01/2023,https://www.mseg.gba.gov.ar/,CHIACCHIARINI,María Victoria ,Femenino,Resolución 1089/2023 del Ministerio de Seguridad,https://normas.gba.gob.ar/ar-b/resolucion/2023/1089/362771,15/03/2023
DIRECCIÓN PROVINCIAL DE COORDINACIÓN ESTRATÉGICA Y FISCALIZACIÓN OPERATIVA,Ministerio de Seguridad,Agencia de Prevención de Violencia en el deporte (A.Pre.Vi.De.),Decreto 275/2021,https://normas.gba.gob.ar/ar-b/decreto/2021/275/238545,17/05/2021,http://www.mseg.gba.gov.ar/,CARGNELUTTI ,Fernando Adrián ,Masculino,Resolución 1134/2026 del Ministerio de Seguridad,https://normas.gba.gob.ar/ar-b/resolucion/2026/1134/592926,01/03/2026
DIRECCIÓN DE COMUNICACIÓN,Ministerio de Seguridad,Dirección Provincial de Análisis Informativo,Decreto 275/2021,https://normas.gba.gob.ar/ar-b/decreto/2021/275/238545,17/05/2021,http://www.mseg.gba.gov.ar/,BORRE,Julián Ernesto,Masculino,Resolución 2701/2025 del Ministerio de Seguridad,https://normas.gba.gob.ar/ar-b/resolucion/2025/2701/554945,01/11/2025
DIRECCIÓN DE MEDIOS Y DIFUSIÓN,Ministerio de Seguridad,Dirección Provincial de Análisis Informativo,Decreto 275/2021,https://normas.gba.gob.ar/ar-b/decreto/2021/275/238545,17/05/2021,http://www.mseg.gba.gov.ar/,DASTOLI,Lautaro Cristian,Masculino,Resolución 20/2023 del Ministerio de Seguridad,https://normas.gba.gob.ar/documentos/Vw7WDkh5.pdf,18/11/2022
DIRECCIÓN DE CEREMONIAL,Ministerio de Seguridad,Dirección Provincial de Análisis Informativo,Decreto 275/2021,https://normas.gba.gob.ar/ar-b/decreto/2021/275/238545,17/05/2021,http://www.mseg.gba.gov.ar/,ABASTANTE,Brian David ,Masculino,Resolución 187/2021 del Ministerio de Seguridad,https://normas.gba.gob.ar/ar-b/resolucion/2021/187/228018,01/01/2021
Dirección de Comunicación,Ministerio de Seguridad,Unidad Ministro,,,,http://www.mseg.gba.gov.ar/,_____,_,Masculino,,,
Dirección de Ceremonial,Ministerio de Seguridad,Unidad Ministro,,,,http://www.mseg.gba.gov.ar/,_____,_,Masculino,,,
Dirección de Medios y Difusión,Ministerio de Seguridad,Unidad Ministro,,,,http://www.mseg.gba.gov.ar/,RAMPONELLI,Miguel Agustín,Masculino,Resolución 1598/2020 del Ministerio de Seguridad,https://normas.gba.gov.ar/documentos/VRG1vySy.pdf,01/11/2020
Dirección Provincial de Articulación con el Poder Judicial y el Ministerio Público,Ministerio de Seguridad,Subsecretaría de Planificación e Inteligencia Criminal,Decreto 275/2021,https://normas.gba.gob.ar/ar-b/decreto/2021/275/238545,17/05/2021,http://www.mseg.gba.gov.ar/,MOLEA,Severino Andrés,Masculino,Resolución 166/2020 del Ministerio de Seguridad,https://normas.gba.gob.ar/documentos/02JA4vur.pdf,
Dirección Provincial de Registro de Personas Desaparecidas,Ministerio de Seguridad,Subsecretaría de Planificación e Inteligencia Criminal,Decreto 275/2021,https://normas.gba.gob.ar/ar-b/decreto/2021/275/238545,17/05/2021,http://www.mseg.gba.gov.ar/,INCHAURREGUI,Alejandro,Masculino,Resolución 85/2020 del Ministerio de Seguridad,https://normas.gba.gob.ar/documentos/BLmYmnIM.pdf,17/12/2019
Dirección Provincial de Policía Comunal y Prevención Local,Ministerio de Seguridad,Subsecretaría de Planificación e Inteligencia Criminal,Decreto 275/2021,https://normas.gba.gob.ar/ar-b/decreto/2021/275/238545,17/05/2021,http://www.mseg.gba.gov.ar/,"_,_","_,_",Femenino,,,
Dirección Provincial de Planificación Estratégica,Ministerio de Seguridad,Subsecretaría de Planificación e Inteligencia Criminal,Decreto 275/2021,https://normas.gba.gob.ar/ar-b/decreto/2021/275/238545,17/05/2021,http://www.mseg.gba.gov.ar/,KARIN,Ariana Catalina,Femenino,Resolución 731/2024 del Ministerio de Seguridad,https://normas.gba.gob.ar/ar-b/resolucion/2024/731/430104,01/01/2024
Dirección Provincial de Investigaciones y Análisis Criminal,Ministerio de Seguridad,Subsecretaría de Planificación e Inteligencia Criminal,Decreto 275/2021,https://normas.gba.gob.ar/ar-b/decreto/2021/275/238545,17/05/2021,http://www.mseg.gba.gov.ar/,MARTINEZ CUESTA,Christian Daniel,Masculino,Resolución 85/2020 del Ministerio de Seguridad,https://normas.gba.gob.ar/documentos/BLmYmnIM.pdf,01/02/2020
Unidad de Gestión de Registros,Ministerio de Seguridad,Subsecretaría de Planificación e Inteligencia Criminal,,,,http://www.mseg.gba.gov.ar/,LENCINAS,Gustavo Javier,Masculino,Resolución 545/2020 del Ministerio de Seguridad,https://normas.gba.gob.ar/documentos/V9OYQaCW.pdf,01/06/2020
Inspector Supervisor Operativo,Ministerio de Seguridad,Subsecretaría de Planificación e Inteligencia Criminal,,,,http://www.mseg.gba.gov.ar/,_____,_,Masculino,,,
DIRECCIÓN PROVINCIAL DE FISCALIZACIÓN Y CONTROL AMBA NORTE I,Ministerio de Seguridad,SUBSECRETARÍA DE FISCALIZACIÓN Y CONTROL POLICIAL DEL AMBA Y CAPITAL,Decreto 275/2021,https://normas.gba.gob.ar/ar-b/decreto/2021/275/238545,17/05/2021,http://www.mseg.gba.gov.ar/,DIAZ ,Gustavo Enrique ,Masculino,Resolución 944/2023 del Ministerio de Seguridad,https://normas.gba.gob.ar/ar-b/resolucion/2023/944/357730,28/02/2023
DIRECCIÓN PROVINCIAL DE FISCALIZACIÓN Y CONTROL AMBA NORTE II,Ministerio de Seguridad,SUBSECRETARÍA DE FISCALIZACIÓN Y CONTROL POLICIAL DEL AMBA Y CAPITAL,Decreto 275/2021,https://normas.gba.gob.ar/ar-b/decreto/2021/275/238545,17/05/2021,http://www.mseg.gba.gov.ar/,LANZA,Facundo Jorge,Masculino,Resolución 1092/2021 del Ministerio de Seguridad,https://normas.gba.gov.ar/documentos/xpzK1PSP.pdf,17/05/2021
DIRECCIÓN PROVINCIAL DE FISCALIZACIÓN Y CONTROL AMBA SUR I,Ministerio de Seguridad,SUBSECRETARÍA DE FISCALIZACIÓN Y CONTROL POLICIAL DEL AMBA Y CAPITAL,Decreto 275/2021,https://normas.gba.gob.ar/ar-b/decreto/2021/275/238545,17/05/2021,http://www.mseg.gba.gov.ar/,ZOLOAGA,Carlos Alberto,Masculino,Resolución 457/2024 del Ministerio de Seguridad,https://normas.gba.gob.ar/ar-b/resolucion/2024/457/422541,01/02/2024
DIRECCIÓN PROVINCIAL DE FISCALIZACIÓN Y CONTROL AMBA SUR II,Ministerio de Seguridad,SUBSECRETARÍA DE FISCALIZACIÓN Y CONTROL POLICIAL DEL AMBA Y CAPITAL,Decreto 275/2021,https://normas.gba.gob.ar/ar-b/decreto/2021/275/238545,17/05/2021,http://www.mseg.gba.gov.ar/,SANZ,Rodolfo Javier,Masculino,Resolución 153/2022 del Ministerio de Seguridad,https://normas.gba.gob.ar/documentos/B3JrZnF7.pdf,06/01/2022
DIRECCIÓN PROVINCIAL DE FISCALIZACIÓN Y CONTROL AMBA OESTE,Ministerio de Seguridad,SUBSECRETARÍA DE FISCALIZACIÓN Y CONTROL POLICIAL DEL AMBA Y CAPITAL,Decreto 275/2021,https://normas.gba.gob.ar/ar-b/decreto/2021/275/238545,17/05/2021,http://www.mseg.gba.gov.ar/,LOPEZ ACCOTTO,Joaquín,Masculino,Resolución 392/2024 del Ministerio de Seguridad,https://normas.gba.gob.ar/ar-b/resolucion/2024/392/422754,01/02/2024
DIRECCIÓN PROVINCIAL DE FISCALIZACIÓN Y CONTROL LA PLATA,Ministerio de Seguridad,SUBSECRETARÍA DE FISCALIZACIÓN Y CONTROL POLICIAL DEL AMBA Y CAPITAL,Decreto 275/2021,https://normas.gba.gob.ar/ar-b/decreto/2021/275/238545,17/05/2021,http://www.mseg.gba.gov.ar/,SALDANA,Laura Inés,Femenino,Resolución 21/2024 del Ministerio de Seguridad,https://normas.gba.gob.ar/ar-b/resolucion/2024/21/410481,10/12/2023
DIRECCIÓN PROVINCIAL DE FISCALIZACIÓN Y CONTROL REGIÓN INTERIOR ATLÁNTICA I,Ministerio de Seguridad,SUBSECRETARÍA DE FISCALIZACIÓN Y CONTROL POLICIAL DEL INTERIOR,Decreto 275/2021,https://normas.gba.gob.ar/ar-b/decreto/2021/275/238545,17/05/2021,http://www.mseg.gba.gov.ar/,GOBET,Leonardo Martín,Masculino,Resolución 762/2022 del Ministerio de Seguridad,https://normas.gba.gob.ar/documentos/VrlqOmSG.pdf,01/05/2022
DIRECCIÓN PROVINCIAL DE FISCALIZACIÓN Y CONTROL REGIÓN INTERIOR ATLÁNTICA II,Ministerio de Seguridad,SUBSECRETARÍA DE FISCALIZACIÓN Y CONTROL POLICIAL DEL INTERIOR,Decreto 275/2021,https://normas.gba.gob.ar/ar-b/decreto/2021/275/238545,17/05/2021,http://www.mseg.gba.gov.ar/, INSENSE,Luciano,Masculino,Resolución 714/2024 del Ministerio de Seguridad,https://normas.gba.gob.ar/ar-b/resolucion/2024/714/430056,01/03/2024
DIRECCIÓN PROVINCIAL DE FISCALIZACIÓN Y CONTROL REGIÓN INTERIOR SUR,Ministerio de Seguridad,SUBSECRETARÍA DE FISCALIZACIÓN Y CONTROL POLICIAL DEL INTERIOR,Decreto 275/2021,https://normas.gba.gob.ar/ar-b/decreto/2021/275/238545,17/05/2021,http://www.mseg.gba.gov.ar/,_____,_,Masculino,,,
DIRECCIÓN PROVINCIAL DE FISCALIZACIÓN Y CONTROL REGIÓN INTERIOR CENTRO,Ministerio de Seguridad,SUBSECRETARÍA DE FISCALIZACIÓN Y CONTROL POLICIAL DEL INTERIOR,Decreto 275/2021,https://normas.gba.gob.ar/ar-b/decreto/2021/275/238545,17/05/2021,http://www.mseg.gba.gov.ar/,PINEIRO CECCHI,Emilia,Femenino,Resolución 485/2024 del Ministerio de Seguridad,https://normas.gba.gob.ar/ar-b/resolucion/2024/485/423944,01/02/2024
DIRECCIÓN PROVINCIAL DE FISCALIZACIÓN Y CONTROL REGIÓN INTERIOR OESTE I,Ministerio de Seguridad,SUBSECRETARÍA DE FISCALIZACIÓN Y CONTROL POLICIAL DEL INTERIOR,Decreto 275/2021,https://normas.gba.gob.ar/ar-b/decreto/2021/275/238545,17/05/2021,http://www.mseg.gba.gov.ar/,BALLESTEROS,Andrea Mariel,Femenino,Resolución 24/2024 del Ministerio de Seguridad,https://normas.gba.gob.ar/ar-b/resolucion/2024/24/410505,01/01/2024
DIRECCIÓN PROVINCIAL DE FISCALIZACIÓN Y CONTROL REGIÓN INTERIOR OESTE II,Ministerio de Seguridad,SUBSECRETARÍA DE FISCALIZACIÓN Y CONTROL POLICIAL DEL INTERIOR,Decreto 275/2021,https://normas.gba.gob.ar/ar-b/decreto/2021/275/238545,17/05/2021,http://www.mseg.gba.gov.ar/,CODINI,Sebastián Pablo,Masculino,Resolución 1582/2025 del Ministerio de Seguridad,https://normas.gba.gob.ar/ar-b/resolucion/2025/1582/530913,01/08/2025
DIRECCIÓN PROVINCIAL DE FISCALIZACIÓN Y CONTROL REGIÓN INTERIOR NORTE I,Ministerio de Seguridad,SUBSECRETARÍA DE FISCALIZACIÓN Y CONTROL POLICIAL DEL INTERIOR,Decreto 275/2021,https://normas.gba.gob.ar/ar-b/decreto/2021/275/238545,17/05/2021,http://www.mseg.gba.gov.ar/,RODRIGUEZ,Mauricio Pablo,Masculino,Resolución 2141/2025 del Ministerio de Seguridad,https://normas.gba.gob.ar/ar-b/resolucion/2025/2141/542599,01/08/2025
DIRECCIÓN PROVINCIAL DE FISCALIZACIÓN Y CONTROL REGIÓN INTERIOR NORTE II,Ministerio de Seguridad,SUBSECRETARÍA DE FISCALIZACIÓN Y CONTROL POLICIAL DEL INTERIOR,Decreto 275/2021,https://normas.gba.gob.ar/ar-b/decreto/2021/275/238545,17/05/2021,http://www.mseg.gba.gov.ar/,RODRIGUEZ,Rafael,Masculino,Resolución 2463/2023 de Ministerio de Seguridad,https://normas.gba.gob.ar/ar-b/resolucion/2023/2463/394042,18/10/2023
DIRECCIÓN PROVINCIAL DE PROMOCIÓN DE LA SALUD DEL PERSONAL POLICIAL,Ministerio de Seguridad,SUBSECRETARÍA DE PROMOCIÓN DE LA SALUD Y EL BIENESTAR POLICIAL,Decreto 275/2021,https://normas.gba.gob.ar/ar-b/decreto/2021/275/238545,17/05/2021,http://www.mseg.gba.gov.ar/,MAZZA, Leandro Nicolás,Masculino,Resolución 109/2024 del Ministerio de Seguridad,https://normas.gba.gob.ar/ar-b/resolucion/2024/109/413714,01/01/2024
DIRECCIÓN PROVINCIAL DE BIENESTAR INTEGRAL DEL PERSONAL POLICIAL,Ministerio de Seguridad,SUBSECRETARÍA DE PROMOCIÓN DE LA SALUD Y EL BIENESTAR POLICIAL,Decreto 275/2021,https://normas.gba.gob.ar/ar-b/decreto/2021/275/238545,17/05/2021,http://www.mseg.gba.gov.ar/, D?AMBROSIO,Carolina Andrea,Femenino,Resolución 417/2025 del Ministerio de Seguridad,https://normas.gba.gob.ar/ar-b/resolucion/2025/417/501146,01/02/2025
UNIDAD DE ATENCIÓN Y SEGUIMIENTO DEL PERSONAL HERIDO EN ACTO DE SERVICIO,Ministerio de Seguridad,SUBSECRETARÍA DE PROMOCIÓN DE LA SALUD Y EL BIENESTAR POLICIAL,Decreto 275/2021,https://normas.gba.gob.ar/ar-b/decreto/2021/275/238545,17/05/2021,http://www.mseg.gba.gov.ar/,MONTOYA,Sebastián Carlos,Masculino,Resolución 388/2024 del Ministerio de Seguridad,https://normas.gba.gob.ar/ar-b/resolucion/2024/388/422200,01/02/2024
Dirección Provincial de la Central de Atención Telefónica de Emergencia 911,Ministerio de Seguridad,SUBSECRETARÍA DE TECNOLOGÍAS APLICADAS A LA SEGURIDAD,Decreto 275/2021,https://normas.gba.gob.ar/ar-b/decreto/2021/275/238545,17/05/2021,http://www.mseg.gba.gov.ar/,PAVISKOV,Marisa Andrea,Femenino,Resolución 220/2025 del Ministerio de Seguridad,https://normas.gba.gob.ar/ar-b/resolucion/2025/220/494542,01/02/2025
DIRECCIÓN PROVINCIAL DE INTEGRACIÓN DIGITAL,Ministerio de Seguridad,SUBSECRETARÍA DE TECNOLOGÍAS APLICADAS A LA SEGURIDAD,Decreto 275/2021,https://normas.gba.gob.ar/ar-b/decreto/2021/275/238545,17/05/2021,http://www.mseg.gba.gov.ar/,BELLONE,Marcelo Fabián,Masculino,Resolución 931/2021 del Ministerio de Seguridad,https://normas.gba.gov.ar/documentos/04QGpvFN.pdf,01/06/2021
DIRECCIÓN GENERAL DE INFORMÁTICA,Ministerio de Seguridad,SUBSECRETARÍA DE TECNOLOGÍAS APLICADAS A LA SEGURIDAD,Decreto 275/2021,https://normas.gba.gob.ar/ar-b/decreto/2021/275/238545,17/05/2021,http://www.mseg.gba.gov.ar/,BURAKOWSKI,Alejandro Javier,Masculino,Resolución 1216/2023 del Ministerio de Seguridad,https://normas.gba.gob.ar/ar-b/resolucion/2023/1216/364794,01/04/2023
DIRECCIÓN PROVINCIAL DE INNOVACIÓN TECNOLÓGICA,Ministerio de Seguridad,SUBSECRETARÍA DE TECNOLOGÍAS APLICADAS A LA SEGURIDAD,Decreto 275/2021,https://normas.gba.gob.ar/ar-b/decreto/2021/275/238545,17/05/2021,http://www.mseg.gba.gov.ar/,JAQUENOD,Eliana,Femenino,Resolución 2069/2024 del Ministerio de Seguridad,https://normas.gba.gob.ar/ar-b/resolucion/2024/2069/462176,01/09/2024
Dirección Provincial para la Gestión de la Seguridad Privada,Ministerio de Seguridad,SUBSECRETARIA DE GESTIÓN DE REGISTROS Y SEGURIDAD PRIVADA,Decreto 275/2021,https://normas.gba.gob.ar/ar-b/decreto/2021/275/238545,17/05/2021,http://www.mseg.gba.gov.ar/,DIAZ SEVIGNE,Fernando Javier,Masculino,Resolución 2586/2024 del Ministerio de Seguridad,https://normas.gba.gob.ar/ar-b/resolucion/2024/2586/473811,10/10/2024
DIRECCIÓN PROVINCIAL DE GESTIÓN DE REGISTROS,Ministerio de Seguridad,SUBSECRETARIA DE GESTIÓN DE REGISTROS Y SEGURIDAD PRIVADA,Decreto 275/2021,https://normas.gba.gob.ar/ar-b/decreto/2021/275/238545,17/05/2021,http://www.mseg.gba.gov.ar/,DELLA GIOVANNA,Hernán Gustavo,Masculino,Resolución 2586/2024 del Ministerio de Seguridad,https://normas.gba.gob.ar/ar-b/resolucion/2024/2586/473811,21/10/2024
Presidencia,Ministerio de Seguridad,"Caja de Retiros, Jubilaciones y Pensiones (Directorio)",Ley 13236,https://normas.gba.gob.ar/documentos/xAzabfRB.pdf,15/10/2004,http://www.cajapolgba.org.ar/,"_,_","_,_",Femenino,,,
Vicepresidencia,Ministerio de Seguridad,"Caja de Retiros, Jubilaciones y Pensiones (Directorio)",Ley 13236,https://normas.gba.gob.ar/documentos/xAzabfRB.pdf,15/10/2004,http://www.cajapolgba.org.ar/,GIMENEZ,Ricardo,Masculino,Decreto 614/2022,https://normas.gba.gob.ar/documentos/xpq4zGHP.pdf,
Secretaría General,Ministerio de Seguridad,"Caja de Retiros, Jubilaciones y Pensiones (Directorio)",Ley 13236,https://normas.gba.gob.ar/documentos/xAzabfRB.pdf,15/10/2004,https://www.cajapolicia.gob.ar/,MARTIN,Juan Pablo ,Masculino,"Resolución 118020/2020 de la Caja de Retiros, Jubilaciones y Pensiones ",https://normas.gba.gob.ar/ar-b/resolucion/2020/118020/363692,
Secretaría General de Policía,Ministerio de Seguridad,Jefatura de Policía,Decreto 141/2020,https://normas.gba.gob.ar/documentos/0X8JXOhd.pdf,20/03/2020,https://www.mseg.gba.gov.ar/,NOVELINO,Christian Humberto,Masculino,Resolución 676/2023 del Ministerio de Seguridad,https://normas.gba.gob.ar/ar-b/resolucion/2023/676/399189,03/11/2022
Superintendencia de Seguridad Vial,Ministerio de Seguridad,Jefatura de Policía,Decreto 141/2020,https://normas.gba.gob.ar/documentos/0X8JXOhd.pdf,20/03/2020,https://www.mseg.gba.gov.ar/,MERLO GIMENEZ,Eduardo Saúl ,Masculino,Resolución 945/2022 del Ministerio de Seguridad,https://normas.gba.gob.ar/ar-b/resolucion/2022/945/304102,30/03/2022
SUPERINTENDENCIA DE SEGURIDAD RURAL,Ministerio de Seguridad,Jefatura de Policía,Decreto 141/2020,https://normas.gba.gob.ar/documentos/0X8JXOhd.pdf,20/03/2020,https://www.mseg.gba.gov.ar/,ROSALES,Ramón Ignacio,Masculino,Resolución 1173/2020 del Ministerio de Seguridad,https://normas.gba.gob.ar/ar-b/resolucion/2020/1173/219889,18/09/2020
SUPERINTENDENCIA DE  INVESTIGACIONES EN FUNCIÓN JUDICIAL,Ministerio de Seguridad,Jefatura de Policía,Decreto 141/2020,https://normas.gba.gob.ar/documentos/0X8JXOhd.pdf,20/03/2020,https://www.mseg.gba.gov.ar/,_____,_,Masculino,,,
SUPERINTENDENCIA DE  COMUNICACIONES,Ministerio de Seguridad,Jefatura de Policía,Decreto 141/2020,https://normas.gba.gob.ar/documentos/0X8JXOhd.pdf,20/03/2020,https://www.mseg.gba.gov.ar/,TESTA ,Fabián Orlando ,Masculino,Resolución 945/2022 del Ministerio de Seguridad,https://normas.gba.gob.ar/ar-b/resolucion/2022/945/304102,30/03/2022
SUPERINTENDENCIA DE SERVICIOS SOCIALES,Ministerio de Seguridad,Jefatura de Policía,Decreto 141/2020,https://normas.gba.gob.ar/documentos/0X8JXOhd.pdf,20/03/2020,https://www.mseg.gba.gov.ar/,GARCIA,Sebastián Marcos,Masculino,Resolución 945/2022 del Ministerio de Seguridad,https://normas.gba.gob.ar/ar-b/resolucion/2022/945/304102,30/03/2022
SUPERINTENDENCIA DE INSTITUTOS DE FORMACIÓN POLICIAL,Ministerio de Seguridad,Jefatura de Policía,Decreto 141/2020,https://normas.gba.gob.ar/documentos/0X8JXOhd.pdf,20/03/2020,https://www.mseg.gba.gov.ar/,"_,_","_,_",Femenino,,,
 SUPERINTENDENCIA DE POLICÍA CIENTÍFICA,Ministerio de Seguridad,Jefatura de Policía,Decreto 141/2020,https://normas.gba.gob.ar/documentos/0X8JXOhd.pdf,20/03/2020,https://www.mseg.gba.gov.ar/,MIERZYNSKI,Daniel Gustavo,Masculino,Resolución 945/2022 del Ministerio de Seguridad,https://normas.gba.gob.ar/ar-b/resolucion/2022/945/304102,30/03/2022
SUPERINTENDENCIA DE  INTELIGENCIA CRIMINAL,Ministerio de Seguridad,Jefatura de Policía,Decreto 141/2020,https://normas.gba.gob.ar/documentos/0X8JXOhd.pdf,20/03/2020,https://www.mseg.gba.gov.ar/,CRUZ,Ezequiel Raúl ,Femenino,Resolución 342/2020 del Ministerio de Seguridad,https://normas.gba.gob.ar/ar-b/resolucion/2020/342/212612,07/05/2020
SUPERINTENDENCIA DE INVESTIGACIONES DEL TRÁFICO DE DROGAS ILÍCITAS,Ministerio de Seguridad,Jefatura de Policía,Decreto 141/2020,https://normas.gba.gob.ar/documentos/0X8JXOhd.pdf,20/03/2020,https://www.mseg.gba.gov.ar/,RODRIGUEZ ,Rodrigo Gonzalo ,Masculino,Resolución 19/2022 del Ministerio de Seguridad,https://normas.gba.gob.ar/ar-b/resolucion/2022/19/274436,22/12/2021
SUPERINTENDENCIA DE POLÍTICAS DE GÉNERO,Ministerio de Seguridad,Jefatura de Policía,Decreto 141/2020,https://normas.gba.gob.ar/documentos/0X8JXOhd.pdf,20/03/2020,https://www.mseg.gba.gov.ar/,ZAMPELUNGHE,Sonia Lujan ,Femenino,Resolución 342/2020 del Ministerio de Seguridad,https://normas.gba.gob.ar/ar-b/resolucion/2020/342/212612,07/05/2020
SUPERINTENDENCIA DE  FUERZAS DE OPERACIONES ESPECIALES,Ministerio de Seguridad,Jefatura de Policía,Decreto 141/2020,https://normas.gba.gob.ar/documentos/0X8JXOhd.pdf,20/03/2020,https://www.mseg.gba.gov.ar/,CHIUCALONI ,Walter Javier ,Masculino,Resolución 322/2021 del Ministerio de Seguridad,https://normas.gba.gob.ar/ar-b/resolucion/2021/322/399192,05/03/2021
SUPERINTENDENCIA DE ANALISIS CRIMINAL ,Ministerio de Seguridad,Jefatura de Policía,Decreto 141/2020,https://normas.gba.gob.ar/documentos/0X8JXOhd.pdf,20/03/2020,https://www.mseg.gba.gov.ar/,PEZZUCHI,Gastón ,Masculino,Resolución 342/2020 del Ministerio de Seguridad,https://normas.gba.gob.ar/ar-b/resolucion/2020/342/212612,07/05/2020
SUPERINTENDENCIA DE CUERPOS,Ministerio de Seguridad,Jefatura de Policía,,,,https://www.mseg.gba.gov.ar/,CARLOCCHIA ,Julio César ,Masculino,Resolución 1173/2020 del Ministerio de Seguridad,https://normas.gba.gob.ar/ar-b/resolucion/2020/1173/219889,06/10/2020
SUPERINTENDENCIA DE PLANEAMIENTO Y OPERACIONES POLICIALES,Ministerio de Seguridad,Jefatura de Policía,Decreto 141/2020,https://normas.gba.gob.ar/documentos/0X8JXOhd.pdf,20/03/2020,https://www.mseg.gba.gov.ar/,PITETTI ,Andrés Javier,Masculino,Resolución 1523/2020 del Ministerio de Seguridad,https://normas.gba.gob.ar/ar-b/resolucion/2020/1523/221301,
Dirección de Asesoría Letrada,Ministerio de Seguridad,Jefatura de Policía,Resolución 406/2018 del Ministerio de Seguridad,https://normas.gba.gob.ar/ar-b/resolucion/2018/406/400908,,https://www.mseg.gba.gov.ar/,PICACCI CITARELLA,Aldo Andrés S,Masculino,Resolución 1040/2020 del Ministerio de Seguridad,https://normas.gba.gob.ar/ar-b/resolucion/2020/1040/219254,
SUPERINTENDENCIA DE APOYO LOGISTICO,Ministerio de Seguridad,Jefatura de Policía,Resolución 235/2021 del Ministerio de Seguridad,https://normas.gba.gob.ar/ar-b/resolucion/2021/235/229815,,https://www.mseg.gba.gov.ar/,,,,,,
SUPERINTENDENCIA DE INVESTIGACIONES DE DELITOS COMPLEJOS Y CRIMEN ORGANIZADO,Ministerio de Seguridad,Jefatura de Policía,Resolución 2113/2021 del Ministerio de Seguridad,https://normas.gba.gob.ar/ar-b/resolucion/2021/2113/271680,,https://www.mseg.gba.gov.ar/,AGUERO,Daniel Alejandro ,Masculino,Resolución 19/2022 del Ministerio de Seguridad,https://normas.gba.gob.ar/ar-b/resolucion/2022/19/274436,22/12/2021
SUPERINTENDENCIA DE SEGURIDAD VIAL,Ministerio de Seguridad,Jefatura de Policía,Decreto 141/2020,https://normas.gba.gob.ar/documentos/0X8JXOhd.pdf,20/03/2020,https://www.mseg.gba.gov.ar/,,,,,,
SUBJEFATURA DE POLICÍA,Ministerio de Seguridad,Jefatura de Policía,Decreto 141/2020,https://normas.gba.gob.ar/documentos/0X8JXOhd.pdf,20/03/2020,https://www.mseg.gba.gov.ar/,SARLO ,Leandro María ,Masculino,Resolución 1429/2024 del Ministerio de Seguridad,https://normas.gba.gob.ar/ar-b/resolucion/2024/1429/445730,05/07/2024
Dirección de Coordinación de Actuaciones Sumariales,Ministerio de Seguridad,Dirección General Técnica y Legal,Decreto 275/2021,https://normas.gba.gob.ar/ar-b/decreto/2021/275/238545,17/05/2021,http://www.mseg.gba.gov.ar/,,,,,,
Dirección Jurídica y Técnica,Ministerio de Seguridad,Dirección General Técnica y Legal,Decreto 275/2021,https://normas.gba.gob.ar/ar-b/decreto/2021/275/238545,17/05/2021,http://www.mseg.gba.gov.ar/,ZUCHELLI,Marcelo Oscar,Masculino,Resolución 589/2024 del Ministerio de Seguridad,https://normas.gba.gob.ar/ar-b/resolucion/2024/589/426466,26/02/2024
Dirección de Relaciones Interadministrativas y Convenios,Ministerio de Seguridad,Dirección General Técnica y Legal,Decreto 275/2021,https://normas.gba.gob.ar/ar-b/decreto/2021/275/238545,17/05/2021,http://www.mseg.gba.gov.ar/,FARRONI, Agustina,Femenino,Resolución 1485/2026 del Ministerio de Seguridad,https://normas.gba.gob.ar/ar-b/resolucion/2026/1485/601027,01/06/2026
Dirección de Servicios Técnico Administrativos (MSeg),Ministerio de Seguridad,Dirección General Técnica y Legal,Decreto 275/2021,https://normas.gba.gob.ar/ar-b/decreto/2021/275/238545,17/05/2021,http://www.mseg.gba.gov.ar/,POLERO,Valeria Lorena,Femenino,Resolución 1008/2026 del Ministerio de Seguridad,https://normas.gba.gob.ar/ar-b/resolucion/2026/1008/590376,11/03/2026
"Dirección de Despacho, Protocolo, Registro y Mesa General de Entradas",Ministerio de Seguridad,Dirección General Técnica y Legal,Decreto 275/2021,https://normas.gba.gob.ar/ar-b/decreto/2021/275/238545,17/05/2021,http://www.mseg.gba.gov.ar/,STRAUB,Ana Lila,Femenino,Resolución 85/2020 del Ministerio de Seguridad,https://normas.gba.gob.ar/documentos/BLmYmnIM.pdf,10/01/2020
Dirección de Compras y Contrataciones,Ministerio de Seguridad,Dirección General de Administración ,Decreto 275/2021,https://normas.gba.gob.ar/ar-b/decreto/2021/275/238545,17/05/2021,http://www.mseg.gba.gov.ar/,,,,,,
Dirección de Contabilidad,Ministerio de Seguridad,Dirección General de Administración ,Decreto 275/2021,https://normas.gba.gob.ar/ar-b/decreto/2021/275/238545,17/05/2021,http://www.mseg.gba.gov.ar/,,,,,,
Dirección de Presupuesto,Ministerio de Seguridad,Dirección General de Administración ,Decreto 275/2021,https://normas.gba.gob.ar/ar-b/decreto/2021/275/238545,17/05/2021,http://www.mseg.gba.gov.ar/,PERALTA,Jimena Teresita,Femenino,Resolución 319/2023 del Ministerio de Seguridad,https://normas.gba.gob.ar/ar-b/resolucion/2023/319/348685,28/02/2023
DIRECCIÓN DE ANÁLISIS DE GASTOS,Ministerio de Seguridad,Dirección General de Administración ,Decreto 275/2021,https://normas.gba.gob.ar/ar-b/decreto/2021/275/238545,17/05/2021,http://www.mseg.gba.gov.ar/,BUEDE,Emanuel Omar,Masculino,Resolución 1122/2020 del Ministerio de Seguridad,https://normas.gba.gob.ar/documentos/VmREeRfd.pdf,01/09/2020
Dirección de Coordinación de Delegaciones Administrativas Departamentales,Ministerio de Seguridad,Dirección Provincial de Coordinación de Delegaciones Administrativas Departamentales,Decreto 275/2021,https://normas.gba.gob.ar/ar-b/decreto/2021/275/238545,17/05/2021,http://www.mseg.gba.gov.ar/,D?AGOSTO,Viviana,Femenino,Resolución 2252/2025 del Ministerio de Seguridad,https://normas.gba.gob.ar/ar-b/resolucion/2025/2252/547076,01/10/2025
Dirección de Liquidación de Haberes,Ministerio de Seguridad,Dirección General de Personal,Decreto 275/2021,https://normas.gba.gob.ar/ar-b/decreto/2021/275/238545,17/05/2021,http://www.mseg.gba.gov.ar/,GIL,Agustín Nicolás ,Masculino,Resolución 2419/2024 del Ministerio de Seguridad,https://normas.gba.gob.ar/ar-b/resolucion/2024/2419/470148,01/11/2024
Dirección de Riesgos del Trabajo y Seguros,Ministerio de Seguridad,Dirección General de Personal,Decreto 275/2021,https://normas.gba.gob.ar/ar-b/decreto/2021/275/238545,17/05/2021,http://www.mseg.gba.gov.ar/,,,,,,
Dirección de Personal - Regímenes Policiales,Ministerio de Seguridad,Dirección General de Personal,Decreto 275/2021,https://normas.gba.gob.ar/ar-b/decreto/2021/275/238545,17/05/2021,http://www.mseg.gba.gov.ar/,,,,,,
DIRECCIÓN DE PERSONAL - OTROS REGÍMENES,Ministerio de Seguridad,Dirección General de Personal,Decreto 275/2021,https://normas.gba.gob.ar/ar-b/decreto/2021/275/238545,17/05/2021,http://www.mseg.gba.gov.ar/, DIFRANCO,Santiago Omar Horacio ,Masculino,Resolución 23/2024 del Ministerio de Seguridad,https://normas.gba.gob.ar/ar-b/resolucion/2024/23/410496,14/12/2023
Dirección de Aeronavegación Oficial,Ministerio de Seguridad,Dirección Provincial de Aeronavegación Oficial y Planificación Aeroportuaria,Decreto 275/2021,https://normas.gba.gob.ar/ar-b/decreto/2021/275/238545,17/05/2021,http://www.mseg.gba.gov.ar/,BENNARDI,Luis Ángel,Masculino,Resolución 1709/2026 del Ministerio de Seguridad ,https://normas.gba.gob.ar/ar-b/resolucion/2026/1709/604837,01/06/2026
Dirección de Planificación Aeroportuaria,Ministerio de Seguridad,Dirección Provincial de Aeronavegación Oficial y Planificación Aeroportuaria,Decreto 275/2021,https://normas.gba.gob.ar/ar-b/decreto/2021/275/238545,17/05/2021,http://www.mseg.gba.gov.ar/,LEIVA,Jorge Roque,Masculino,Resolución 2464/2023 de Ministerio de Seguridad,https://normas.gba.gob.ar/ar-b/resolucion/2023/2464/394051,18/10/2023
Dirección de Veterinaria y Bromatología,Ministerio de Seguridad,Dirección Provincial de Logística Operativa,,,,http://www.mseg.gba.gov.ar/,DOYLE,Virginia,Femenino,Resolución 166/2020 del Ministerio de Seguridad,https://normas.gba.gob.ar/documentos/02JA4vur.pdf,11/12/2019
Dirección de Cinotecnia,Ministerio de Seguridad,Dirección Provincial de Logística Operativa,,,,http://www.mseg.gba.gov.ar/,ZAPATA,Ariel Alonso,Masculino,Resolución 231/2020 del Ministerio de Seguridad,https://normas.gba.gob.ar/documentos/BdaXDvtO.pdf,01/02/2020
DIRECCIÓN DE INSPECCIONES LOGÍSTICAS,Ministerio de Seguridad,Dirección Provincial de Logística Operativa,Decreto 275/2021,https://normas.gba.gob.ar/ar-b/decreto/2021/275/238545,17/05/2021,http://www.mseg.gba.gov.ar/,MAC DOUGALL,José Luis,Masculino,Resolución 259/2024 del Ministerio de Seguridad,https://normas.gba.gob.ar/ar-b/resolucion/2024/259/415543,09/01/2024
DIRECCIÓN DE TALLERES POLICIALES,Ministerio de Seguridad,Dirección Provincial de Logística Operativa,Decreto 275/2021,https://normas.gba.gob.ar/ar-b/decreto/2021/275/238545,17/05/2021,http://www.mseg.gba.gov.ar/,DI PALMO SCARZELLA,Fernando José,Masculino,Resolución 188/2025 del Ministerio de Seguridad,https://normas.gba.gob.ar/ar-b/resolucion/2025/188/490780,01/01/2025
DIRECCIÓN DE AUTOMOTORES,Ministerio de Seguridad,Dirección Provincial de Logística Operativa,Decreto 275/2021,https://normas.gba.gob.ar/ar-b/decreto/2021/275/238545,17/05/2021,http://www.mseg.gba.gov.ar/,HEIT,Roberto Marcelo,Masculino,Resolución 1229/2024 del Ministerio de Seguridad,https://normas.gba.gob.ar/ar-b/resolucion/2024/1229/439707,23/04/2024
DIRECCIÓN DE INTENDENCIA,Ministerio de Seguridad,Dirección Provincial de Logística Operativa,Decreto 275/2021,https://normas.gba.gob.ar/ar-b/decreto/2021/275/238545,17/05/2021,http://www.mseg.gba.gov.ar/,GUARNASCHELLI,Guillermo Eduardo,Masculino,Resolución 2700/2025 del Ministerio de Seguridad,https://normas.gba.gob.ar/ar-b/resolucion/2025/2700/554946,01/11/2025
DIRECCIÓN DE ARSENALES,Ministerio de Seguridad,Dirección Provincial de Logística Operativa,Decreto 275/2021,https://normas.gba.gob.ar/ar-b/decreto/2021/275/238545,17/05/2021,http://www.mseg.gba.gov.ar/,CATINI CHAVES,Paula Julia,Femenino,Resolución 1842/2022 Ministerio de Seguridad,https://normas.gba.gob.ar/documentos/ByGpNgFl.pdf,16/07/2022
Dirección de Suministros y Abastecimiento,Ministerio de Seguridad,Dirección Provincial de Suministros,,,,http://www.mseg.gba.gov.ar/,,,,,,
Dirección de Análisis y Programación de Recursos,Ministerio de Seguridad,Dirección Provincial de Suministros,,,,http://www.mseg.gba.gov.ar/,,,,,,
Dirección de Informática,Ministerio de Seguridad,Dirección General de Recursos Informáticos y Comunicaciones,,,,http://www.mseg.gba.gov.ar/,,,,,,
"Dirección de Coordinación de Seguridad Informática, Control e Innovación Tecnológica para la Gestión",Ministerio de Seguridad,Dirección General de Recursos Informáticos y Comunicaciones,,,,http://www.mseg.gba.gov.ar/,_____,_,Masculino,,,
Dirección de Planificación de Obras,Ministerio de Seguridad,Dirección Provincial de Arquitectura Policial,Decreto 275/2021,https://normas.gba.gob.ar/ar-b/decreto/2021/275/238545,17/05/2021,http://www.mseg.gba.gov.ar/,CASTANO, Federico Nahuel,Masculino,Resolución 162/2024 del Ministerio de Seguridad,https://normas.gba.gob.ar/ar-b/resolucion/2024/162/414591,13/12/2023
DIRECCIÓN DE OPERACIONES DE TRANSPORTE,Ministerio de Seguridad,DIRECCIÓN PROVINCIAL DE TRANSPORTE,Decreto 275/2021,https://normas.gba.gob.ar/ar-b/decreto/2021/275/238545,17/05/2021,http://www.mseg.gba.gov.ar/,SOLAN,Jorge Daniel ,Masculino,Resolución 1300/2025 del Ministerio de Seguridad,https://normas.gba.gob.ar/ar-b/resolucion/2025/1300/521890,28/05/2025
DIRECCIÓN TÉCNICA,Ministerio de Seguridad,DIRECCIÓN PROVINCIAL DE TRANSPORTE,Decreto 275/2021,https://normas.gba.gob.ar/ar-b/decreto/2021/275/238545,17/05/2021,http://www.mseg.gba.gov.ar/,TAMBURELLI,Paola Viviana,Femenino,Resolución 1011/2024 del Ministerio de Seguridad,https://normas.gba.gob.ar/ar-b/resolucion/2024/1011/436683,01/05/2024
DIRECCIÓN DE TRANSPORTE,Ministerio de Seguridad,DIRECCIÓN PROVINCIAL DE TRANSPORTE,Decreto 275/2021,https://normas.gba.gob.ar/ar-b/decreto/2021/275/238545,17/05/2021,http://www.mseg.gba.gov.ar/,BRU,Roberto Damián,Masculino,Resolución 403/2024 del Ministerio de Seguridad,https://normas.gba.gob.ar/ar-b/resolucion/2024/403/422503,01/01/2024
DIRECCIÓN DE CONTROL DE DAÑO ZONAL,Ministerio de Seguridad,DIRECCIÓN PROVINCIAL DE APOYO A EMERGENCIAS,Decreto 275/2021,https://normas.gba.gob.ar/ar-b/decreto/2021/275/238545,17/05/2021,http://www.mseg.gba.gov.ar/,PEREIRAS,Gerardo,Masculino,Resolución 349/2024 del Ministerio de Seguridad,https://normas.gba.gob.ar/ar-b/resolucion/2024/349/417913,01/02/2024
DIRECCIÓN DE COORDINACIÓN DE MEDIOS Y ADIESTRAMIENTO,Ministerio de Seguridad,DIRECCIÓN PROVINCIAL DE APOYO A EMERGENCIAS,Decreto 275/2021,https://normas.gba.gob.ar/ar-b/decreto/2021/275/238545,17/05/2021,http://www.mseg.gba.gov.ar/,SPINOSO,Nahuel,Masculino,Resolución 108/2024 del Ministerio de Seguridad,https://normas.gba.gob.ar/ar-b/resolucion/2024/108/413712,01/01/2024
DIRECCIÓN DE VETERINARIA,Ministerio de Seguridad,"DIRECCIÓN PROVINCIAL DE VETERINARIA, BROMATOLOGÍA Y CINOTECNIA ",Decreto 275/2021,https://normas.gba.gob.ar/ar-b/decreto/2021/275/238545,17/05/2021,http://www.mseg.gba.gov.ar/,CASTILLO,Gustavo Eugenio ,Masculino,Resolución 446/2024 del Ministerio de Seguridad,https://normas.gba.gob.ar/ar-b/resolucion/2024/446/422529,01/02/2024
DIRECCIÓN DE SEGURIDAD E HIGIENE DE LOS ALIMENTOS,Ministerio de Seguridad,"DIRECCIÓN PROVINCIAL DE VETERINARIA, BROMATOLOGÍA Y CINOTECNIA ",Decreto 275/2021,https://normas.gba.gob.ar/ar-b/decreto/2021/275/238545,17/05/2021,http://www.mseg.gba.gov.ar/,RESIA,Silvina Alicia,Femenino,Resolución 1227/2021 del Ministerio de Seguridad,https://normas.gba.gov.ar/documentos/BK3kQdfn.pdf,17/05/2021
DIRECCIÓN DE CINOTECNIA,Ministerio de Seguridad,"DIRECCIÓN PROVINCIAL DE VETERINARIA, BROMATOLOGÍA Y CINOTECNIA ",Decreto 275/2021,https://normas.gba.gob.ar/ar-b/decreto/2021/275/238545,17/05/2021,http://www.mseg.gba.gov.ar/,LUENGO,Martín Andrés,Masculino,Resolución 610/2022 del Ministerio de Seguridad,https://normas.gba.gob.ar/documentos/BOZGooIy.pdf,01/04/2022
DIRECCIÓN DE ANÁLISIS Y PROGRAMACIÓN DE RECURSOS,Ministerio de Seguridad,DIRECCIÓN PROVINCIAL DE PLANEAMIENTO LOGÍSTICO,Decreto 275/2021,https://normas.gba.gob.ar/ar-b/decreto/2021/275/238545,17/05/2021,http://www.mseg.gba.gov.ar/,BENITEZ,Rocío María del Carmen,Femenino,Resolución 304/2025 del Ministerio de Seguridad,https://normas.gba.gob.ar/ar-b/resolucion/2025/304/495775,01/02/2025
DIRECCIÓN DE INVESTIGACIÓN Y DESARROLLO,Ministerio de Seguridad,DIRECCIÓN PROVINCIAL DE PLANEAMIENTO LOGÍSTICO,Decreto 275/2021,https://normas.gba.gob.ar/ar-b/decreto/2021/275/238545,17/05/2021,http://www.mseg.gba.gov.ar/,CULTRERA,Paola Antonella,Femenino,Resolución 1231/2024 del Ministerio de Seguridad,https://normas.gba.gob.ar/ar-b/resolucion/2024/1231/439711,01/05/2024
DIRECCIÓN DE CONTROL DE GESTIÓN,Ministerio de Seguridad,DIRECCIÓN PROVINCIAL DE PLANEAMIENTO LOGÍSTICO,Decreto 275/2021,https://normas.gba.gob.ar/ar-b/decreto/2021/275/238545,17/05/2021,http://www.mseg.gba.gov.ar/,AZURI,Solange,Femenino,Resolución 716/2024 del Ministerio de Seguridad,https://normas.gba.gob.ar/ar-b/resolucion/2024/716/430069,13/03/2024
DIRECCIÓN DE PLANIFICACIÓN DE OBRAS,Ministerio de Seguridad,DIRECCIÓN PROVINCIAL DE ARQUITECTURA POLICIAL,Decreto 275/2021,https://normas.gba.gob.ar/ar-b/decreto/2021/275/238545,17/05/2021,http://www.mseg.gba.gov.ar/,,,,,,
Dirección de Planificación y Coordinación,Ministerio de Seguridad,Dirección Provincial de Relaciones Interjurisdiccionales,Decreto 275/2021,https://normas.gba.gob.ar/ar-b/decreto/2021/275/238545,17/05/2021,http://www.mseg.gba.gov.ar/, ONGARO,Lara Ángeles,Femenino,Resolución 2874/2024 del Ministerio de Seguridad,https://normas.gba.gob.ar/ar-b/resolucion/2024/2874/479295,01/10/2024
Dirección de Articulación Institucional,Ministerio de Seguridad,Dirección Provincial de Relaciones Interjurisdiccionales,Decreto 275/2021,https://normas.gba.gob.ar/ar-b/decreto/2021/275/238545,17/05/2021,http://www.mseg.gba.gov.ar/,GULAYIN,Sergio Martín,Masculino,Resolución 143/2026 del Ministerio de Seguridad,https://normas.gba.gob.ar/ar-b/resolucion/2026/143/564557,01/11/2025
Dirección de Coordinación Rural,Ministerio de Seguridad,Dirección Provincial de Prevención del Delito y la Violencia,Decreto 275/2021,https://normas.gba.gob.ar/ar-b/decreto/2021/275/238545,17/05/2021,http://www.mseg.gba.gov.ar/,PEREYRA,Adrián Ignacio,Masculino,Resolución 725/2024 del Ministerio de Seguridad,https://normas.gba.gob.ar/ar-b/resolucion/2024/725/430082,01/03/2024
Dirección de Proyectos de Prevención del Delito y la Violencia,Ministerio de Seguridad,Dirección Provincial de Prevención del Delito y la Violencia,Decreto 275/2021,https://normas.gba.gob.ar/ar-b/decreto/2021/275/238545,17/05/2021,http://www.mseg.gba.gov.ar/,IGLESIAS,Verónica Angélica,Femenino,Resolución 456/2024 del Ministerio de Seguridad,https://normas.gba.gob.ar/ar-b/resolucion/2024/456/422539,01/02/2024
Dirección de Participación y Relaciones Comunitarias,Ministerio de Seguridad,Dirección Provincial de Relaciones con la Comunidad,Decreto 275/2021,https://normas.gba.gob.ar/ar-b/decreto/2021/275/238545,17/05/2021,http://www.mseg.gba.gov.ar/,DE ROSE,Magdalena,Femenino,Resolución 2058/2026 del Ministerio de Seguridad,https://normas.gba.gob.ar/ar-b/resolucion/2026/2058/614151,01/07/2026
Dirección de Proyectos Comunitarios,Ministerio de Seguridad,Dirección Provincial de Relaciones con la Comunidad,Decreto 275/2021,https://normas.gba.gob.ar/ar-b/decreto/2021/275/238545,17/05/2021,http://www.mseg.gba.gov.ar/,SELLO,Daniel,Masculino,Resolución 401/2024 del Ministerio de Seguridad,https://normas.gba.gob.ar/ar-b/resolucion/2024/401/422493,01/01/2024
Dirección de Formación y Estudios de Investigación ,Ministerio de Seguridad,"Dirección Provincial de Formación, Capacitación y Evaluación ",Decreto 2369/2022,https://normas.gba.gob.ar/documentos/0XRN9bcd.pdf,11/01/2023,http://www.mseg.gba.gov.ar/,ESPOSTO,Lucía ,Femenino,Resolución 922/2022 del Ministerio de Seguridad,https://normas.gba.gob.ar/documentos/VJ9AaYFm.pdf,09/05/2022
Dirección de Capacitación y Entrenamiento ,Ministerio de Seguridad,"Dirección Provincial de Formación, Capacitación y Evaluación ",Decreto 2369/2022,https://normas.gba.gob.ar/documentos/0XRN9bcd.pdf,11/01/2023,http://www.mseg.gba.gov.ar/,DELFINO ,Paula,Femenino,Resolución 1074/2024 del Ministerio de Seguridad,https://normas.gba.gob.ar/ar-b/resolucion/2024/1074/437257,18/05/2024
Dirección de Desarrollo Institucional ,Ministerio de Seguridad,"Dirección Provincial de Formación, Capacitación y Evaluación ",Decreto 2369/2022,https://normas.gba.gob.ar/documentos/0XRN9bcd.pdf,11/01/2023,http://www.mseg.gba.gov.ar/,SAMBIASE ,Estefanía Belén,Femenino,Resolución 2217/2023 del Ministerio de Seguridad,https://normas.gba.gob.ar/ar-b/resolucion/2023/2217/387813,01/06/2023
DIRECCIÓN DE RECLUTAMIENTO E INCORPORACIONES,Ministerio de Seguridad,"Dirección Provincial de Formación, Capacitación y Evaluación ",Decreto 2369/2022,https://normas.gba.gob.ar/documentos/0XRN9bcd.pdf,11/01/2023,http://www.mseg.gba.gov.ar/,RUEDA,Elizabeth Marisa,Femenino,Resolución 1375/2023 del Ministerio de Seguridad,https://normas.gba.gob.ar/ar-b/resolucion/2023/1375/367257,01/04/2023
"Dirección de Doctrina, Desarrollo Profesional y Buenas Prácticas",Ministerio de Seguridad,Dirección Provincial de Profesionalización del Sistema de Seguridad Pública,Decreto 2369/2022,https://normas.gba.gob.ar/documentos/0XRN9bcd.pdf,11/01/2023,http://www.mseg.gba.gov.ar/, MORA,Nazarena Belén,Femenino,Resolución 2609/2024 del Ministerio de Seguridad,https://normas.gba.gob.ar/ar-b/resolucion/2024/2609/473815,01/11/2024
Dirección de Capacitación para la Gestión Local de la Seguridad ,Ministerio de Seguridad,Dirección Provincial de Profesionalización del Sistema de Seguridad Pública,Decreto 2369/2022,https://normas.gba.gob.ar/documentos/0XRN9bcd.pdf,11/01/2023,http://www.mseg.gba.gov.ar/,MONTIEL,Martín Pablo,Masculino,Resolución 120/2026 del Ministerio de Seguridad,https://normas.gba.gob.ar/ar-b/resolucion/2026/120/564548,01/01/2026
Dirección de Promoción de la Perspectiva de Género en las Prácticas Policiales,Ministerio de Seguridad,Dirección Provincial de Políticas de Género y Derechos Humanos,Decreto 2369/2022,https://normas.gba.gob.ar/documentos/0XRN9bcd.pdf,11/01/2023,http://www.mseg.gba.gov.ar/,BACIGALUPO,María Laura,Femenino,Resolución 260/2023 del Ministerio de Seguridad,https://normas.gba.gob.ar/ar-b/resolucion/2023/260/345569,24/01/2023
Dirección de Promoción de Derechos y Prevención de la Violencia Institucional,Ministerio de Seguridad,Dirección Provincial de Políticas de Género y Derechos Humanos,Decreto 2369/2022,https://normas.gba.gob.ar/documentos/0XRN9bcd.pdf,11/01/2023,http://www.mseg.gba.gov.ar/,ALBELO,Natalia Mariela,Femenino,Resolución 455/2023 del Ministerio de Seguridad,https://normas.gba.gob.ar/documentos/0YaaX4cv.pdf,26/01/2023
Dirección de Operaciones y Asistencia,Ministerio de Seguridad,Dirección Provincial de Defensa Civil,Decreto 275/2021,https://normas.gba.gob.ar/ar-b/decreto/2021/275/238545,17/05/2021,http://www.mseg.gba.gov.ar/,GUGLIELMINO,Néstor Oscar,Masculino,Resolución 2332/2022 del Ministerio de Seguridad,https://normas.gba.gob.ar/documentos/VG8v3Pfk.pdf,01/10/2022
Dirección de Fortalecimiento del Sistema de Defensa Civil,Ministerio de Seguridad,Dirección Provincial de Defensa Civil,Decreto 275/2021,https://normas.gba.gob.ar/ar-b/decreto/2021/275/238545,17/05/2021,http://www.mseg.gba.gov.ar/,MISSERI,Vanesa,Femenino,Resolución 218/2024 del Ministerio de Seguridad,https://normas.gba.gob.ar/ar-b/resolucion/2024/218/414596,01/01/2024
DIRECCIÓN DEL SISTEMA PROVINCIAL DE BOMBEROS VOLUNTARIOS,Ministerio de Seguridad,Dirección Provincial de Defensa Civil,Decreto 275/2021,https://normas.gba.gob.ar/ar-b/decreto/2021/275/238545,17/05/2021,http://www.mseg.gba.gov.ar/,PIPERINO,Nabila,Femenino,Resolución 895/2021 del Ministerio de Seguridad,https://normas.gba.gov.ar/documentos/xbR6OzSp.pdf,01/06/2021
Dirección de Análisis y Reducción de Riesgos,Ministerio de Seguridad,Dirección Provincial de Riesgos y Emergencias,Decreto 275/2021,https://normas.gba.gob.ar/ar-b/decreto/2021/275/238545,17/05/2021,http://www.mseg.gba.gov.ar/,SUAREZ MAESTRE,Andrea Verónica,Femenino,Resolución 323/2020 del Ministerio de Seguridad,https://normas.gba.gob.ar/documentos/xbRL8Aip.pdf,01/03/2020
Dirección de Coordinación en Emergencias,Ministerio de Seguridad,Dirección Provincial de Riesgos y Emergencias,Decreto 275/2021,https://normas.gba.gob.ar/ar-b/decreto/2021/275/238545,17/05/2021,http://www.mseg.gba.gov.ar/,CORDOBA ,Silvina Fabiana,Femenino,Resolución 391/2024 del Ministerio de Seguridad,https://normas.gba.gob.ar/ar-b/resolucion/2024/391/422753,12/02/2024
DIRECCIÓN DE INFORMACIÓN Y MONITOREO DE ALERTAS Y EMERGENCIAS,Ministerio de Seguridad,Dirección Provincial de Riesgos y Emergencias,Decreto 275/2021,https://normas.gba.gob.ar/ar-b/decreto/2021/275/238545,17/05/2021,http://www.mseg.gba.gov.ar/,BARBOZA,Verónica Andrea,Femenino,Resolución 1155/2021 del Ministerio de Seguridad,https://normas.gba.gov.ar/documentos/xa9wkbf3.pdf,01/06/2021
DIRECCIÓN DE COORDINACIÓN DE EVENTOS MASIVOS E INSTITUCIONALES,Ministerio de Seguridad,DIRECCIÓN PROVINCIAL DE COOPERACIÓN INSTITUCIONAL,Decreto 275/2021,https://normas.gba.gob.ar/ar-b/decreto/2021/275/238545,17/05/2021,http://www.mseg.gba.gov.ar/,PALAVECINO,Ricardo Oscar,Masculino,Resolución 2586/2024 del Ministerio de Seguridad,https://normas.gba.gob.ar/ar-b/resolucion/2024/2586/473811,10/10/2024
DIRECCIÓN DE COOPERACIÓN PARA EL FORTALECIMIENTO DE LA SEGURIDAD,Ministerio de Seguridad,DIRECCIÓN PROVINCIAL DE COOPERACIÓN INSTITUCIONAL,Decreto 275/2021,https://normas.gba.gob.ar/ar-b/decreto/2021/275/238545,17/05/2021,http://www.mseg.gba.gov.ar/,RODRIGUEZ,Facundo Cristin,Masculino,Resolución 1059/2024 del Ministerio de Seguridad,https://normas.gba.gob.ar/ar-b/resolucion/2024/1059/436414,01/05/2024
DIRECCIÓN DE RELACIONES INTERNACIONALES,Ministerio de Seguridad,DIRECCIÓN PROVINCIAL DE COOPERACIÓN INSTITUCIONAL,Decreto 275/2021,https://normas.gba.gob.ar/ar-b/decreto/2021/275/238545,17/05/2021,http://www.mseg.gba.gov.ar/,_____,_,Masculino,,,
DIRECCIÓN DE COORDINACIÓN TERRITORIAL,Ministerio de Seguridad,DIRECCIÓN PROVINCIAL DE COOPERACIÓN INSTITUCIONAL,Decreto 275/2021,https://normas.gba.gob.ar/ar-b/decreto/2021/275/238545,17/05/2021,http://www.mseg.gba.gov.ar/,MARIANOVICH,Guillermo Osvaldo,Masculino,Resolución 1572/2022 del Ministerio de Seguridad,https://normas.gba.gob.ar/documentos/0nJXXqcr.pdf,02/06/2022
UNIDAD ASESORA DE EVALUACIÓN OPERATIVA Y FUNCIONAL,Ministerio de Seguridad,DIRECCIÓN PROVINCIAL DE SEGUIMIENTO DE LA CARRERA POLICIAL,Decreto 275/2021,https://normas.gba.gob.ar/ar-b/decreto/2021/275/238545,17/05/2021,http://www.mseg.gba.gov.ar/,DIAZ,Leonardo Javier,Masculino,Resolución 588/2024 del Ministerio de Seguridad,https://normas.gba.gob.ar/ar-b/resolucion/2024/588/426335,01/01/2024
DIRECCIÓN DE MODERNIZACIÓN DE PROCESOS,Ministerio de Seguridad,DIRECCIÓN PROVINCIAL DE APOYO A LA GESTIÓN ADMINISTRATIVA Y JUDICIAL,Decreto 275/2021,https://normas.gba.gob.ar/ar-b/decreto/2021/275/238545,17/05/2021,http://www.mseg.gba.gov.ar/,SCHUMACHER,Herman Antonio,Masculino,Resolución 1517/2021 del Ministerio de Seguridad,https://normas.gba.gov.ar/documentos/VG8N1Ptk.pdf,01/07/2021
DIRECCIÓN DE REQUERIMIENTOS JUDICIALES Y ADMINISTRATIVOS,Ministerio de Seguridad,DIRECCIÓN PROVINCIAL DE APOYO A LA GESTIÓN ADMINISTRATIVA Y JUDICIAL,Decreto 275/2021,https://normas.gba.gob.ar/ar-b/decreto/2021/275/238545,17/05/2021,http://www.mseg.gba.gov.ar/,GORDILLO,Pablo Javier,Masculino,Resolución 492/2024 del Ministerio de Seguridad,https://normas.gba.gob.ar/ar-b/resolucion/2024/492/423952,01/01/2024
Dirección Administrativa y Logística Especializada en Investigaciones Patrimoniales,Ministerio de Seguridad,Auditoría Sumarial Especializada en Transparencia e Investigaciones Patrimoniales,Decreto 2369/2022,https://normas.gba.gob.ar/documentos/0XRN9bcd.pdf,11/01/2023,http://www.mseg.gba.gov.ar/,BARBERIS,Ignacio ,Masculino,Resolución 709/2023 del Ministerio de Seguridad,https://normas.gba.gob.ar/ar-b/resolucion/2023/709/353945,01/03/2023
Dirección de Delegación de Auditoría Sumarial Especializada en Investigaciones Patrimoniales,Ministerio de Seguridad,Auditoría Sumarial Especializada en Transparencia e Investigaciones Patrimoniales,Decreto 2369/2022,https://normas.gba.gob.ar/documentos/0XRN9bcd.pdf,11/01/2023,http://www.mseg.gba.gov.ar/,MASSACCESI ,Lucía Soledad ,Femenino,Resolución 1906/2023 del Ministerio de Seguridad,https://normas.gba.gob.ar/ar-b/resolucion/2023/1906/379678,08/07/2023
Dirección de Asistencia en Recursos Humanos y Logísticos,Ministerio de Seguridad,Dirección General de Coordinación y Apoyo,Decreto 2369/2022,https://normas.gba.gob.ar/documentos/0XRN9bcd.pdf,11/01/2023,http://www.mseg.gba.gov.ar/,BOLO,Raúl Gustavo,Masculino,Resolución 246/2020 del Ministerio de Seguridad,https://normas.gba.gob.ar/documentos/VwyDp1u5.pdf,03/03/2020
Dirección de Situación,Ministerio de Seguridad,Dirección General de Coordinación y Apoyo,Decreto 2369/2022,https://normas.gba.gob.ar/documentos/0XRN9bcd.pdf,11/01/2023,http://www.mseg.gba.gov.ar/,,,,,,
Dirección de Denuncias y Asesoramiento,Ministerio de Seguridad,Dirección General de Coordinación y Apoyo,Decreto 2369/2022,https://normas.gba.gob.ar/documentos/0XRN9bcd.pdf,11/01/2023,http://www.mseg.gba.gov.ar/,,,,,,
Dirección de Capacitación y Evaluación,Ministerio de Seguridad,Dirección General de Coordinación y Apoyo,Decreto 2369/2022,https://normas.gba.gob.ar/documentos/0XRN9bcd.pdf,11/01/2023,http://www.mseg.gba.gov.ar/,YUSTON,Erika Solange,Femenino,Resolución 1797/2026 del Ministerio de Seguridad,https://normas.gba.gob.ar/ar-b/resolucion/2026/1797/612666,01/06/2026
Dirección de Operaciones,Ministerio de Seguridad,Dirección General de Asistencia Operacional,Decreto 2369/2022,https://normas.gba.gob.ar/documentos/0XRN9bcd.pdf,11/01/2023,http://www.mseg.gba.gov.ar/,MOULY,Roberto Emmanuel ,Masculino,Resolución 320/2024 del Ministerio de Seguridad,https://normas.gba.gob.ar/ar-b/resolucion/2024/320/416536,01/01/2024
Dirección de Análisis,Ministerio de Seguridad,Dirección General de Asistencia Operacional,Decreto 2369/2022,https://normas.gba.gob.ar/documentos/0XRN9bcd.pdf,11/01/2023,http://www.mseg.gba.gov.ar/,LAZARTE,Juan Manuel,Masculino,Resolución 1317/2021 del Ministerio de Seguridad,https://normas.gba.gov.ar/documentos/V9OwbnUW.pdf,
Dirección de Apoyo Tecnológico,Ministerio de Seguridad,Dirección General de Asistencia Operacional,Decreto 2369/2022,https://normas.gba.gob.ar/documentos/0XRN9bcd.pdf,11/01/2023,http://www.mseg.gba.gov.ar/,PESSOLANO,Juan José,Masculino,Resolución 246/2020 del Ministerio de Seguridad,https://normas.gba.gob.ar/documentos/VwyDp1u5.pdf,09/03/2020
Dirección de Programación,Ministerio de Seguridad,Dirección General de Asistencia Operacional,Decreto 2369/2022,https://normas.gba.gob.ar/documentos/0XRN9bcd.pdf,11/01/2023,http://www.mseg.gba.gov.ar/,SAN ROMAN,Emiliano Ariel,Masculino,Resolución 2730/2025 del Ministerio de Seguridad,https://normas.gba.gob.ar/ar-b/resolucion/2025/2700/554946,03/11/2025
Dirección de Relatoría,Ministerio de Seguridad,Dirección General Legal y Técnica de Auditoría,Decreto 2369/2022,https://normas.gba.gob.ar/documentos/0XRN9bcd.pdf,11/01/2023,http://www.mseg.gba.gov.ar/,,,,,,
Dirección de Asistencia Técnica y Legal,Ministerio de Seguridad,Dirección General Legal y Técnica de Auditoría,Decreto 2369/2022,https://normas.gba.gob.ar/documentos/0XRN9bcd.pdf,11/01/2023,http://www.mseg.gba.gov.ar/,,,,,,
Dirección de Delegación de Auditoría Sumarial I,Ministerio de Seguridad,Auditoría Sumarial I,,,,http://www.mseg.gba.gov.ar/,_____,_,Masculino,,,
Dirección de Delegación de Auditoría Sumarial II,Ministerio de Seguridad,Auditoría Sumarial I,,,,http://www.mseg.gba.gov.ar/,_____,_,Masculino,,,
Dirección de Delegación de Auditoría Sumarial III,Ministerio de Seguridad,Auditoría Sumarial I,,,,http://www.mseg.gba.gov.ar/,,,,,,
Dirección de Delegación de Auditoría Sumarial IV,Ministerio de Seguridad,Auditoría Sumarial I,,,,http://www.mseg.gba.gov.ar/,,,,,,
Dirección Administrativa y Logística I,Ministerio de Seguridad,Auditoría Sumarial I,,,,http://www.mseg.gba.gov.ar/,_____,_,Masculino,,,
Dirección Administrativa y Logística II,Ministerio de Seguridad,Auditoría Sumarial I,,,,http://www.mseg.gba.gov.ar/,,,,,,
Dirección Administrativa y Logística III,Ministerio de Seguridad,Auditoría Sumarial I,,,,http://www.mseg.gba.gov.ar/,,,,,,
Dirección Administrativa y Logística IV,Ministerio de Seguridad,Auditoría Sumarial I,,,,http://www.mseg.gba.gov.ar/,,,,,,
AUDITORÍA SUMARIAL I,Ministerio de Seguridad,AUDITORÍA SUMARIAL (I A IV),Decreto 2369/2022,https://normas.gba.gob.ar/documentos/0XRN9bcd.pdf,11/01/2023,http://www.mseg.gba.gov.ar/,,,,,,
AUDITORÍA SUMARIAL II,Ministerio de Seguridad,AUDITORÍA SUMARIAL (I A IV),Decreto 2369/2022,https://normas.gba.gob.ar/documentos/0XRN9bcd.pdf,11/01/2023,http://www.mseg.gba.gov.ar/,MOYA,Roxana Débora,Femenino,Resolución 2213/2022 del Ministerio de Seguridad,https://normas.gba.gob.ar/documentos/Vw7EJOS5.pdf,01/10/2022
AUDITORÍA SUMARIAL III,Ministerio de Seguridad,AUDITORÍA SUMARIAL (I A IV),Decreto 2369/2022,https://normas.gba.gob.ar/documentos/0XRN9bcd.pdf,11/01/2023,http://www.mseg.gba.gov.ar/,,,,,,
AUDITORÍA SUMARIAL IV,Ministerio de Seguridad,AUDITORÍA SUMARIAL (I A IV),Decreto 2369/2022,https://normas.gba.gob.ar/documentos/0XRN9bcd.pdf,11/01/2023,http://www.mseg.gba.gov.ar/,,,,,,
DIRECCIÓN DE ABORDAJE INTEGRAL DE LA VIOLENCIA POR RAZONES DE GÉNERO Y FAMILIAR,Ministerio de Seguridad,DIRECCIÓN GENERAL DE PREVENCIÓN Y ABORDAJE DE LAS VIOLENCIAS,Decreto 2369/2022,https://normas.gba.gob.ar/documentos/0XRN9bcd.pdf,11/01/2023,http://www.mseg.gba.gov.ar/,FERRO,Natalia Soledad,Femenino,Resolución 487/2023 del Ministerio de Seguridad,https://normas.gba.gob.ar/documentos/0Zddbqcq.pdf,11/01/2023
DIRECCIÓN DE TRATAMIENTO DE LA VIOLENCIA POLICIAL,Ministerio de Seguridad,DIRECCIÓN GENERAL DE PREVENCIÓN Y ABORDAJE DE LAS VIOLENCIAS,Decreto 2369/2022,https://normas.gba.gob.ar/documentos/0XRN9bcd.pdf,11/01/2023,http://www.mseg.gba.gov.ar/,CANEDO PERO,Agustina,Femenino,Resolución 282/2023 del Ministerio de Seguridad,https://normas.gba.gob.ar/ar-b/resolucion/2023/282/345634,12/01/2023
Instructor de Asuntos Internos (Res. 2213/22),Ministerio de Seguridad,Instructores de Asuntos Internos (48),Decreto 275/2021,https://normas.gba.gob.ar/ar-b/decreto/2021/275/238545,17/05/2021,http://www.mseg.gba.gov.ar/,GARCIA,Joaquín María,Masculino,Resolución 2213/2022 del Ministerio de Seguridad,https://normas.gba.gob.ar/documentos/Vw7EJOS5.pdf,01/10/2022
Instructor de Asuntos Internos (Res. 3121/22),Ministerio de Seguridad,Instructores de Asuntos Internos (48),Decreto 275/2021,https://normas.gba.gob.ar/ar-b/decreto/2021/275/238545,17/05/2021,http://www.mseg.gba.gov.ar/,GOMEZ AULEDA,Rodrigo,Masculino,Resolución 3121/2022 del Ministerio de Seguridad,https://normas.gba.gob.ar/documentos/VWq2lPIY.pdf,15/11/2022
Instructor de Asuntos Internos (Res. 573/23),Ministerio de Seguridad,Instructores de Asuntos Internos (48),Decreto 275/2021,https://normas.gba.gob.ar/ar-b/decreto/2021/275/238545,17/05/2021,http://www.mseg.gba.gov.ar/,ZICHICHI,María Fernanda,Femenino,Resolución 573/2023 del Ministerio de Seguridad,https://normas.gba.gob.ar/documentos/0ZdYLKcq.pdf,01/03/2023
Instructor de Asuntos Internos (Res. 574/23),Ministerio de Seguridad,Instructores de Asuntos Internos (48),Decreto 275/2021,https://normas.gba.gob.ar/ar-b/decreto/2021/275/238545,17/05/2021,http://www.mseg.gba.gov.ar/,REBOLLO,Daniela Elizabeth,Femenino,Resolución 574/2023 del Ministerio de Seguridad,https://normas.gba.gob.ar/documentos/BoY71kul.pdf,01/03/2023
Instructor de Asuntos Internos (Res. 601/23),Ministerio de Seguridad,Instructores de Asuntos Internos (48),Decreto 275/2021,https://normas.gba.gob.ar/ar-b/decreto/2021/275/238545,17/05/2021,http://www.mseg.gba.gov.ar/,GONZALEZ,Natalia Alicia,Femenino,Resolución 601/2023 del Ministerio de Seguridad,https://normas.gba.gob.ar/documentos/0nOezrhr.pdf,01/03/2023
Instructor de Asuntos Internos (Res. 1577/25),Ministerio de Seguridad,Instructores de Asuntos Internos (48),Decreto 275/2021,https://normas.gba.gob.ar/ar-b/decreto/2021/275/238545,17/05/2021,http://www.mseg.gba.gov.ar/,ACEVEDO,María Virginia,Femenino,Resolución 1577/2025 del Ministerio de Seguridad,https://normas.gba.gob.ar/ar-b/resolucion/2025/1577/530911,01/08/2025
Instructor de Asuntos Internos (Res. 655/23),Ministerio de Seguridad,Instructores de Asuntos Internos (48),Decreto 275/2021,https://normas.gba.gob.ar/ar-b/decreto/2021/275/238545,17/05/2021,http://www.mseg.gba.gov.ar/,IRIARTE,Fernando Sebastián,Masculino,Resolución 655/2023 del Ministerio de Seguridad,https://normas.gba.gob.ar/documentos/Vmye9Ycd.pdf,01/03/2023
Instructor de Asuntos Internos (Res. 1820/22),Ministerio de Seguridad,Instructores de Asuntos Internos (48),Decreto 275/2021,https://normas.gba.gob.ar/ar-b/decreto/2021/275/238545,17/05/2021,http://www.mseg.gba.gov.ar/,HERNANDEZ,Sergio Gabriel,Masculino,Resolución 1820/2022 del Ministerio de Seguridad,https://normas.gba.gob.ar/ar-b/resolucion/2022/1820/314719,01/08/2022
Instructor de Asuntos Internos (Res. 886/23),Ministerio de Seguridad,Instructores de Asuntos Internos (48),Decreto 275/2021,https://normas.gba.gob.ar/ar-b/decreto/2021/275/238545,17/05/2021,http://www.mseg.gba.gov.ar/,GARCIA TORRES,Julieta,Femenino,Resolución 886/2023 del Ministerio de Seguridad,https://normas.gba.gob.ar/ar-b/resolucion/2023/886/357097,01/03/2023
Instructor de Asuntos Internos (Res. 719/24),Ministerio de Seguridad,Instructores de Asuntos Internos (48),Decreto 275/2021,https://normas.gba.gob.ar/ar-b/decreto/2021/275/238545,17/05/2021,http://www.mseg.gba.gov.ar/,CELORA,Sabrina Soledad,Femenino,Resolución 719/2024 del Ministerio de Seguridad,https://normas.gba.gob.ar/ar-b/resolucion/2024/719/429702,18/03/2024
Instructor de Asuntos Internos (Res 2435/2024),Ministerio de Seguridad,Instructores de Asuntos Internos (48),Decreto 275/2021,https://normas.gba.gob.ar/ar-b/decreto/2021/275/238545,17/05/2021,http://www.mseg.gba.gov.ar/,AGUERO, Julián Carlos,Masculino,Resolución 2435/2024 del Ministerio de Seguridad,https://normas.gba.gob.ar/ar-b/resolucion/2024/2435/481218,15/09/2024
Instructor de Asuntos Internos (Res. 1348/25),Ministerio de Seguridad,Instructores de Asuntos Internos (48),Decreto 275/2021,https://normas.gba.gob.ar/ar-b/decreto/2021/275/238545,17/05/2021,http://www.mseg.gba.gov.ar/,NASUTI,Flavia Karina,Femenino,Resolución 1348/2025 del Ministerio de Seguridad,https://normas.gba.gob.ar/ar-b/resolucion/2025/1348/523551,01/06/2025
Instructor de Asuntos Internos (Res 161/26),Ministerio de Seguridad,Instructores de Asuntos Internos (48),Decreto 275/2021,https://normas.gba.gob.ar/ar-b/decreto/2021/275/238545,17/05/2021,http://www.mseg.gba.gov.ar/,ALTAMIRANO LOAIZA, Virginia,Femenino,Resolución 161/2026 del Ministerio de Seguridad,https://normas.gba.gob.ar/ar-b/resolucion/2026/161/566341,
DIRECCIÓN DE COORDINACIÓN ESTRATÉGICA,Ministerio de Seguridad,DIRECCIÓN PROVINCIAL DE COORDINACIÓN ESTRATÉGICA Y FISCALIZACIÓN OPERATIVA,Decreto 275/2021,https://normas.gba.gob.ar/ar-b/decreto/2021/275/238545,17/05/2021,http://www.mseg.gba.gov.ar/,MOHNEN ,Carlos Adrián,Masculino,Resolución 1472/2024 del Ministerio de Seguridad,https://normas.gba.gob.ar/ar-b/resolucion/2024/1472/445970,01/05/2024
DIRECCIÓN DE FISCALIZACIÓN OPERATIVA Y COORDINACIÓN DE ESPECTÁCULOS DEPORTIVOS SECCIÓN AMBA SUR,Ministerio de Seguridad,DIRECCIÓN PROVINCIAL DE COORDINACIÓN ESTRATÉGICA Y FISCALIZACIÓN OPERATIVA,Decreto 275/2021,https://normas.gba.gob.ar/ar-b/decreto/2021/275/238545,17/05/2021,http://www.mseg.gba.gov.ar/,DIAZ, Ezequiel ,Masculino,Resolución 953/2024 del Ministerio de Seguridad,https://normas.gba.gob.ar/ar-b/resolucion/2024/953/433737,12/04/2024
DIRECCIÓN DE FISCALIZACIÓN OPERATIVA Y COORDINACIÓN DE ESPECTÁCULOS DEPORTIVOS SECCIÓN NOROESTE,Ministerio de Seguridad,DIRECCIÓN PROVINCIAL DE COORDINACIÓN ESTRATÉGICA Y FISCALIZACIÓN OPERATIVA,Decreto 275/2021,https://normas.gba.gob.ar/ar-b/decreto/2021/275/238545,17/05/2021,http://www.mseg.gba.gov.ar/,CAMPOS,Leonardo Ariel,Masculino,Resolución 634/2023 del Ministerio de Seguridad,https://normas.gba.gob.ar/documentos/xknROYsR.pdf,01/02/2023
DIRECCIÓN DE FISCALIZACIÓN OPERATIVA Y COORDINACIÓN DE ESPECTÁCULOS DEPORTIVOS SECCIÓN CENTRO,Ministerio de Seguridad,DIRECCIÓN PROVINCIAL DE COORDINACIÓN ESTRATÉGICA Y FISCALIZACIÓN OPERATIVA,Decreto 275/2021,https://normas.gba.gob.ar/ar-b/decreto/2021/275/238545,17/05/2021,http://www.mseg.gba.gov.ar/,PALACIOS,Cristian Horario,Masculino,Resolución 3059/2023 del Ministerio de Seguridad,https://normas.gba.gob.ar/ar-b/resolucion/2023/3059/403588,07/12/2023
DIRECCIÓN DE FISCALIZACIÓN OPERATIVA Y COORDINACIÓN DE ESPECTÁCULOS DEPORTIVOS SECCIÓN SUR,Ministerio de Seguridad,DIRECCIÓN PROVINCIAL DE COORDINACIÓN ESTRATÉGICA Y FISCALIZACIÓN OPERATIVA,Decreto 275/2021,https://normas.gba.gob.ar/ar-b/decreto/2021/275/238545,17/05/2021,http://www.mseg.gba.gov.ar/,BERTOTTO,Walter Héctor,Masculino,Resolución 1325/2021 del Ministerio de Seguridad,https://normas.gba.gov.ar/documentos/Vrop6zfG.pdf,01/07/2021
DIRECCIÓN DE FISCALIZACIÓN OPERATIVA Y COORDINACIÓN DE ESPECTÁCULOS DEPORTIVOS SECCIÓN ATLÁNTICA,Ministerio de Seguridad,DIRECCIÓN PROVINCIAL DE COORDINACIÓN ESTRATÉGICA Y FISCALIZACIÓN OPERATIVA,Decreto 275/2021,https://normas.gba.gob.ar/ar-b/decreto/2021/275/238545,17/05/2021,http://www.mseg.gba.gov.ar/,PAGANINI,Mercedes,Femenino,Resolución 1359/2021 del Ministerio de Seguridad,https://normas.gba.gov.ar/documentos/0ZAWE1Iq.pdf,17/05/2021
Dirección de Articulación con el Poder Judicial,Ministerio de Seguridad,Dirección Provincial de Articulación con el Poder Judicial y el Ministerio Público,Decreto 275/2021,https://normas.gba.gob.ar/ar-b/decreto/2021/275/238545,17/05/2021,http://www.mseg.gba.gov.ar/,GRIECO,Lían Andrés,Masculino,Resolución 404/2020 del Ministerio de Seguridad,https://normas.gba.gob.ar/documentos/VwyDeLs5.pdf,01/05/2020
Dirección de Articulación con el Ministerio Público,Ministerio de Seguridad,Dirección Provincial de Articulación con el Poder Judicial y el Ministerio Público,Decreto 275/2021,https://normas.gba.gob.ar/ar-b/decreto/2021/275/238545,17/05/2021,http://www.mseg.gba.gov.ar/,NELLA CASTRO,Florencia,Femenino,Resolución 1613/2024 del Ministerio de Seguridad,https://normas.gba.gob.ar/ar-b/resolucion/2024/1613/449207,01/07/2024
Dirección de Búsqueda e Identificación de Personas Desaparecidas,Ministerio de Seguridad,Dirección Provincial de Registro de Personas Desaparecidas,Decreto 275/2021,https://normas.gba.gob.ar/ar-b/decreto/2021/275/238545,17/05/2021,http://www.mseg.gba.gov.ar/,EYHERAGUIBEL,María Jose,Femenino,Resolución 166/2020 del Ministerio de Seguridad,https://normas.gba.gob.ar/documentos/02JA4vur.pdf,21/02/2020
Dirección de Registro de Personas Desaparecidas,Ministerio de Seguridad,Dirección Provincial de Registro de Personas Desaparecidas,Decreto 275/2021,https://normas.gba.gob.ar/ar-b/decreto/2021/275/238545,17/05/2021,http://www.mseg.gba.gov.ar/,BURGOS,Luciana,Femenino,Resolución 246/2020 del Ministerio de Seguridad,https://normas.gba.gob.ar/documentos/VwyDp1u5.pdf,21/02/2020
Dirección de Policía Comunal,Ministerio de Seguridad,Dirección Provincial de Policía Comunal y Prevención Local,Decreto 275/2021,https://normas.gba.gob.ar/ar-b/decreto/2021/275/238545,17/05/2021,http://www.mseg.gba.gov.ar/,LEMOS ARIAS,Rodrigo Alfonso,Masculino,Resolución 85/2020 del Ministerio de Seguridad,https://normas.gba.gob.ar/documentos/BLmYmnIM.pdf,11/12/2019
Dirección de Policía de Prevención Local,Ministerio de Seguridad,Dirección Provincial de Policía Comunal y Prevención Local,Decreto 275/2021,https://normas.gba.gob.ar/ar-b/decreto/2021/275/238545,17/05/2021,http://www.mseg.gba.gov.ar/,MENDEZ,Andrea Marcela,Femenino,Resolución 663/2024 del Ministerio de Seguridad,https://normas.gba.gob.ar/ar-b/resolucion/2024/663/433735,01/02/2024
Dirección de Planificación,Ministerio de Seguridad,Dirección Provincial de Planificación Estratégica,Decreto 275/2021,https://normas.gba.gob.ar/ar-b/decreto/2021/275/238545,17/05/2021,http://www.mseg.gba.gov.ar/,CASTANOS VILAS, Camila Ayelén,Femenino,Resolución 731/2024 del Ministerio de Seguridad,https://normas.gba.gob.ar/ar-b/resolucion/2024/731/430104,01/01/2024
Dirección de Coordinación,Ministerio de Seguridad,Dirección Provincial de Planificación Estratégica,Decreto 275/2021,https://normas.gba.gob.ar/ar-b/decreto/2021/275/238545,17/05/2021,http://www.mseg.gba.gov.ar/,FEDERICO,Paula Mora,Femenino,Resolución 1849/2025 del Ministerio de Seguridad,https://normas.gba.gob.ar/ar-b/resolucion/2025/1849/537135,01/07/2025
Dirección de Operaciones,Ministerio de Seguridad,Dirección Provincial de Planificación Estratégica,Decreto 275/2021,https://normas.gba.gob.ar/ar-b/decreto/2021/275/238545,17/05/2021,http://www.mseg.gba.gov.ar/, MATTA RUFFOLO,Carlos Enrique,Masculino,Resolución 1875/2025 del Ministerio de Seguridad,https://normas.gba.gob.ar/ar-b/resolucion/2025/1875/539265,01/07/2024
Dirección de Investigaciones Criminales,Ministerio de Seguridad,Dirección Provincial de Investigaciones y Análisis Criminal,Decreto 275/2021,https://normas.gba.gob.ar/ar-b/decreto/2021/275/238545,17/05/2021,http://www.mseg.gba.gov.ar/,_____,_,Masculino,,,
Dirección de Análisis Criminal y Gestión del Conocimiento,Ministerio de Seguridad,Dirección Provincial de Investigaciones y Análisis Criminal,Decreto 275/2021,https://normas.gba.gob.ar/ar-b/decreto/2021/275/238545,17/05/2021,http://www.mseg.gba.gov.ar/,MAISON,Mariano Javier,Masculino,Resolución 2000/2022 del Ministerio de Seguridad,https://normas.gba.gob.ar/documentos/Bo2LQQUl.pdf,01/09/2022
Dirección de Pericias y Estudios Forenses,Ministerio de Seguridad,Dirección Provincial de Investigaciones y Análisis Criminal,Decreto 275/2021,https://normas.gba.gob.ar/ar-b/decreto/2021/275/238545,17/05/2021,http://www.mseg.gba.gov.ar/,GARCIA,Fernando Agustín,Masculino,Resolución 178/2020 del Ministerio de Seguridad,https://normas.gba.gob.ar/documentos/087Kkvfm.pdf,03/02/2020
DIRECCIÓN DE GESTIÓN DE LA INFORMACIÓN CRIMINAL REGIÓN CAPITAL,Ministerio de Seguridad,Dirección Provincial de Investigaciones y Análisis Criminal,Decreto 275/2021,https://normas.gba.gob.ar/ar-b/decreto/2021/275/238545,17/05/2021,http://www.mseg.gba.gov.ar/,SALA,Gastón Alejandro,Masculino,Resolución 1102/2021 del Ministerio de Seguridad,https://normas.gba.gov.ar/documentos/B7OzlrsK.pdf,01/06/2021
DIRECCIÓN DE GESTIÓN DE LA INFORMACIÓN CRIMINAL REGIÓN AMBA NORTE,Ministerio de Seguridad,Dirección Provincial de Investigaciones y Análisis Criminal,Decreto 275/2021,https://normas.gba.gob.ar/ar-b/decreto/2021/275/238545,17/05/2021,http://www.mseg.gba.gov.ar/,AREVALO,Leandro Nicolás,Masculino,Resolución 1283/2021 del Ministerio de Seguridad,https://normas.gba.gov.ar/documentos/B1WqLpHz.pdf,01/07/2021
DIRECCIÓN DE GESTIÓN DE LA INFORMACIÓN CRIMINAL REGIÓN AMBA SUR,Ministerio de Seguridad,Dirección Provincial de Investigaciones y Análisis Criminal,Decreto 275/2021,https://normas.gba.gob.ar/ar-b/decreto/2021/275/238545,17/05/2021,http://www.mseg.gba.gov.ar/,CORALLINI,Juan Francisco,Masculino,Resolución 1613/2024 del Ministerio de Seguridad,https://normas.gba.gob.ar/ar-b/resolucion/2024/1613/449207,01/07/2024
DIRECCIÓN DE GESTIÓN DE LA INFORMACIÓN CRIMINAL REGIÓN ATLÁNTICA,Ministerio de Seguridad,Dirección Provincial de Investigaciones y Análisis Criminal,Decreto 275/2021,https://normas.gba.gob.ar/ar-b/decreto/2021/275/238545,17/05/2021,http://www.mseg.gba.gov.ar/,_____,_,Masculino,,,
DIRECCIÓN DE GESTIÓN DE LA INFORMACIÓN CRIMINAL REGIÓN AMBA OESTE,Ministerio de Seguridad,Dirección Provincial de Investigaciones y Análisis Criminal,Decreto 275/2021,https://normas.gba.gob.ar/ar-b/decreto/2021/275/238545,17/05/2021,http://www.mseg.gba.gov.ar/,ARRIAGA GONZALEZ,Yamila Vanesa,Femenino,Resolución 1789/2022,https://normas.gba.gob.ar/ar-b/resolucion/2022/1789/314717,17/07/2022
DIRECCIÓN DE GESTIÓN DE LA INFORMACIÓN CRIMINAL REGIÓN INTERIOR NORTE,Ministerio de Seguridad,Dirección Provincial de Investigaciones y Análisis Criminal,Decreto 275/2021,https://normas.gba.gob.ar/ar-b/decreto/2021/275/238545,17/05/2021,http://www.mseg.gba.gov.ar/,ALVAREZ,Lorena Vanesa,Femenino,Resolución 1820/2021 del Ministerio de Seguridad,https://normas.gba.gov.ar/documentos/xagZWZC3.pdf,01/08/2021
DIRECCIÓN DE GESTIÓN DE LA INFORMACIÓN CRIMINAL REGIÓN INTERIOR CENTRO E INTERIOR SUR,Ministerio de Seguridad,Dirección Provincial de Investigaciones y Análisis Criminal,Decreto 275/2021,https://normas.gba.gob.ar/ar-b/decreto/2021/275/238545,17/05/2021,http://www.mseg.gba.gov.ar/,PALMIERI,Carla,Femenino,Resolución 1965/2023 del Ministerio de Seguridad,https://normas.gba.gob.ar/ar-b/resolucion/2023/1965/379692,04/05/2023
DIRECCIÓN DE GESTIÓN DE LA INFORMACIÓN CRIMINAL REGIÓN INTERIOR OESTE,Ministerio de Seguridad,Dirección Provincial de Investigaciones y Análisis Criminal,Decreto 275/2021,https://normas.gba.gob.ar/ar-b/decreto/2021/275/238545,17/05/2021,http://www.mseg.gba.gov.ar/,ALBANESE,Juan Luis,Masculino,Resolución 1063/2021 del Ministerio de Seguridad,https://normas.gba.gov.ar/documentos/0YW8l2Iv.pdf,17/05/2021
Dirección de registro Provincial de Armas (RE.P.AR.),Ministerio de Seguridad,Unidad de Gestión de Registros,Decreto 275/2021,https://normas.gba.gob.ar/ar-b/decreto/2021/275/238545,17/05/2021,http://www.mseg.gba.gov.ar/,,,,,,
Dirección de Coordinación del Registro y Verificación de Autopartes,Ministerio de Seguridad,Unidad de Gestión de Registros,,,,http://www.mseg.gba.gov.ar/,HERMIDA POITEVIN,Pablo,Masculino,Resolución 561/2020 del Ministerio de Seguridad,https://normas.gba.gob.ar/documentos/BodyvrFl.pdf,11/12/2019
Dirección de Fiscalización del Registro y Verificación de Autopartes,Ministerio de Seguridad,Unidad de Gestión de Registros,,,,http://www.mseg.gba.gov.ar/,,,,,,
Dirección de Coordinación del Registro y Control de la Comercialización de Bebidas Alcohólicas,Ministerio de Seguridad,Unidad de Gestión de Registros,,,,http://www.mseg.gba.gov.ar/,_____,_,Masculino,,,
Dirección de Fiscalización del Registro y Control de la Comercialización de Bebidas Alcohólicas,Ministerio de Seguridad,Unidad de Gestión de Registros,,,,http://www.mseg.gba.gov.ar/,_____,_,Masculino,,,
DIRECCIÓN DE CONTROL DE OPERACIONES E INSPECCIÓN AMBA NORTE I,Ministerio de Seguridad,DIRECCIÓN PROVINCIAL DE FISCALIZACIÓN Y CONTROL AMBA NORTE I,Decreto 275/2021,https://normas.gba.gob.ar/ar-b/decreto/2021/275/238545,17/05/2021,http://www.mseg.gba.gov.ar/,LORENTE,Juan Ignacio,Masculino,Resolución 1527/2021 del Ministerio de Seguridad,https://normas.gba.gob.ar/documentos/0zlQopuX.pdf,01/06/2021
DIRECCIÓN DE COORDINACIÓN MUNICIPAL AMBA NORTE I,Ministerio de Seguridad,DIRECCIÓN PROVINCIAL DE FISCALIZACIÓN Y CONTROL AMBA NORTE I,Decreto 275/2021,https://normas.gba.gob.ar/ar-b/decreto/2021/275/238545,17/05/2021,http://www.mseg.gba.gov.ar/,GARCIA,Julián Federico,Masculino,Resolución 1063/2021 del Ministerio de Seguridad,https://normas.gba.gov.ar/documentos/0YW8l2Iv.pdf,01/06/2021
DIRECCIÓN DE CONTROL DE OPERACIONES E INSPECCIÓN AMBA NORTE II,Ministerio de Seguridad,DIRECCIÓN PROVINCIAL DE FISCALIZACIÓN Y CONTROL AMBA NORTE II,Decreto 275/2021,https://normas.gba.gob.ar/ar-b/decreto/2021/275/238545,17/05/2021,http://www.mseg.gba.gov.ar/,CATANZARITI,Karina Fabiana,Femenino,Resolución 1577/2022 del Ministerio de Seguridad,https://normas.gba.gob.ar/documentos/0845Wbcm.pdf,01/06/2022
DIRECCIÓN DE COORDINACIÓN MUNICIPAL AMBA NORTE II,Ministerio de Seguridad,DIRECCIÓN PROVINCIAL DE FISCALIZACIÓN Y CONTROL AMBA NORTE II,Decreto 275/2021,https://normas.gba.gob.ar/ar-b/decreto/2021/275/238545,17/05/2021,http://www.mseg.gba.gov.ar/,SCIANCA,Sandra Viviana,Femenino,Resolución 1849/2025 del Ministerio de Seguridad,https://normas.gba.gob.ar/ar-b/resolucion/2025/1849/537135,01/07/2025
DIRECCIÓN DE CONTROL DE OPERACIONES E INSPECCIÓN AMBA SUR I,Ministerio de Seguridad,DIRECCIÓN PROVINCIAL DE FISCALIZACIÓN Y CONTROL AMBA SUR I,Decreto 275/2021,https://normas.gba.gob.ar/ar-b/decreto/2021/275/238545,17/05/2021,http://www.mseg.gba.gov.ar/,LORENZO,Juan Adrián,Masculino,RESOLUCIÓN 1052/2021 DE MINISTERIO DE SEGURIDAD,https://normas.gba.gob.ar/documentos/BeWwMbIj.pdf,01/06/2021
DIRECCIÓN DE COORDINACIÓN MUNICIPAL AMBA SUR I,Ministerio de Seguridad,DIRECCIÓN PROVINCIAL DE FISCALIZACIÓN Y CONTROL AMBA SUR I,Decreto 275/2021,https://normas.gba.gob.ar/ar-b/decreto/2021/275/238545,17/05/2021,http://www.mseg.gba.gov.ar/,MARCHESE,Mario Néstor,Masculino,Resolución 1228/2021 del Ministerio de Seguridad,https://normas.gba.gov.ar/documentos/0XRzv6sd.pdf,17/05/2021
DIRECCIÓN DE CONTROL DE OPERACIONES E INSPECCIÓN AMBA SUR II,Ministerio de Seguridad,DIRECCIÓN PROVINCIAL DE FISCALIZACIÓN Y CONTROL AMBA SUR II,Decreto 275/2021,https://normas.gba.gob.ar/ar-b/decreto/2021/275/238545,17/05/2021,http://www.mseg.gba.gov.ar/,OLIVETO,Darío Facundo,Masculino,Resolución 459/2024 del Ministerio de Seguridad,https://normas.gba.gob.ar/ar-b/resolucion/2024/459/422756,01/01/2024
DIRECCIÓN DE COORDINACIÓN MUNICIPAL AMBA SUR II,Ministerio de Seguridad,DIRECCIÓN PROVINCIAL DE FISCALIZACIÓN Y CONTROL AMBA SUR II,Decreto 275/2021,https://normas.gba.gob.ar/ar-b/decreto/2021/275/238545,17/05/2021,http://www.mseg.gba.gov.ar/,SANTILLAN,Ángel Ariel,Masculino,Resolución 1413/2021 del Ministerio de Seguridad,https://normas.gba.gov.ar/documentos/V9r7DocW.pdf,01/06/2021
DIRECCIÓN DE CONTROL DE OPERACIONES E INSPECCIÓN AMBA OESTE,Ministerio de Seguridad,DIRECCIÓN PROVINCIAL DE FISCALIZACIÓN Y CONTROL AMBA OESTE,Decreto 275/2021,https://normas.gba.gob.ar/ar-b/decreto/2021/275/238545,17/05/2021,http://www.mseg.gba.gov.ar/,BELLONE,Oriana Agostina,Femenino,Resolución 1134/2022 del Ministerio de Seguridad,https://normas.gba.gob.ar/documentos/VNrYpwI6.pdf,09/05/2022
DIRECCIÓN DE COORDINACIÓN MUNICIPAL AMBA OESTE,Ministerio de Seguridad,DIRECCIÓN PROVINCIAL DE FISCALIZACIÓN Y CONTROL AMBA OESTE,Decreto 275/2021,https://normas.gba.gob.ar/ar-b/decreto/2021/275/238545,17/05/2021,http://www.mseg.gba.gov.ar/,TORANZO,Alejandro Maximiliano ,Masculino,Resolución 234/2022 del Ministerio de Seguridad,https://normas.gba.gob.ar/ar-b/resolucion/2022/234/284358,17/01/2022
DIRECCIÓN DE CONTROL DE OPERACIONES E INSPECCIÓN LA PLATA,Ministerio de Seguridad,DIRECCIÓN PROVINCIAL DE FISCALIZACIÓN Y CONTROL LA PLATA,Decreto 275/2021,https://normas.gba.gob.ar/ar-b/decreto/2021/275/238545,17/05/2021,http://www.mseg.gba.gov.ar/,KUYUMDJIAN,Nicole Stephanie,Femenino,Resolución 3045/2022 del Ministerio de Seguridad,https://normas.gba.gob.ar/documentos/021M5vHr.pdf,01/12/2022
DIRECCIÓN DE COORDINACIÓN MUNICIPAL LA PLATA,Ministerio de Seguridad,DIRECCIÓN PROVINCIAL DE FISCALIZACIÓN Y CONTROL LA PLATA,Decreto 275/2021,https://normas.gba.gob.ar/ar-b/decreto/2021/275/238545,17/05/2021,http://www.mseg.gba.gov.ar/,BANEGAS,Laura Andrea,Femenino,Resolución 2729/2025 del Ministerio de Seguridad,https://normas.gba.gob.ar/ar-b/resolucion/2025/2729/554948,01/10/2025
DIRECCIÓN DE CONTROL DE OPERACIONES E INSPECCIÓN REGIÓN INTERIOR ATLÁNTICA I,Ministerio de Seguridad,DIRECCIÓN PROVINCIAL DE FISCALIZACIÓN Y CONTROL REGIÓN INTERIOR ATLÁNTICA I,Decreto 275/2021,https://normas.gba.gob.ar/ar-b/decreto/2021/275/238545,17/05/2021,http://www.mseg.gba.gov.ar/,ZOTTA,Claudio Fabián,Masculino,Resolución 890/2022 del Ministerio de Seguridad,https://normas.gba.gob.ar/documentos/084mzbfm.pdf,10/05/2022
DIRECCIÓN DE COORDINACIÓN MUNICIPAL Y CONTROL RURAL REGIÓN INTERIOR ATLÁNTICA I,Ministerio de Seguridad,DIRECCIÓN PROVINCIAL DE FISCALIZACIÓN Y CONTROL REGIÓN INTERIOR ATLÁNTICA I,Decreto 275/2021,https://normas.gba.gob.ar/ar-b/decreto/2021/275/238545,17/05/2021,http://www.mseg.gba.gov.ar/,REVERON,Leandro Alfredo,Masculino,Resolución 118/2025 del Ministerio de Seguridad,https://normas.gba.gob.ar/ar-b/resolucion/2025/118/488891,01/11/2024
DIRECCIÓN DE CONTROL DE OPERACIONES E INSPECCIÓN REGIÓN INTERIOR ATLÁNTICA II,Ministerio de Seguridad,DIRECCIÓN PROVINCIAL DE FISCALIZACIÓN Y CONTROL REGIÓN INTERIOR ATLÁNTICA II,Decreto 275/2021,https://normas.gba.gob.ar/ar-b/decreto/2021/275/238545,17/05/2021,http://www.mseg.gba.gov.ar/,BORDA,Priscila Soledad Elin,Femenino,Resolución 2010/2024 del Ministerio de Seguridad,https://normas.gba.gob.ar/ar-b/resolucion/2024/2010/460703,01/09/2024
DIRECCIÓN DE COORDINACIÓN MUNICIPAL Y CONTROL RURAL REGIÓN INTERIOR ATLÁNTICA II,Ministerio de Seguridad,DIRECCIÓN PROVINCIAL DE FISCALIZACIÓN Y CONTROL REGIÓN INTERIOR ATLÁNTICA II,Decreto 275/2021,https://normas.gba.gob.ar/ar-b/decreto/2021/275/238545,17/05/2021,http://www.mseg.gba.gov.ar/,MERINO,Gonzalo Martín,Masculino,Resolución 1799/2021 del Ministerio de Seguridad,https://normas.gba.gov.ar/documentos/xpq7oPtP.pdf,01/09/2021
DIRECCIÓN DE CONTROL DE OPERACIONES E INSPECCIÓN REGIÓN INTERIOR SUR,Ministerio de Seguridad,DIRECCIÓN PROVINCIAL DE FISCALIZACIÓN Y CONTROL REGIÓN INTERIOR SUR,Decreto 275/2021,https://normas.gba.gob.ar/ar-b/decreto/2021/275/238545,17/05/2021,http://www.mseg.gba.gov.ar/,PINTO,Andrés Norman,Masculino,Resolución 2880/2024 del Ministerio de Seguridad,https://normas.gba.gob.ar/ar-b/resolucion/2024/2880/479315,01/11/2024
DIRECCIÓN DE COORDINACIÓN MUNICIPAL Y CONTROL RURAL REGIÓN INTERIOR SUR,Ministerio de Seguridad,DIRECCIÓN PROVINCIAL DE FISCALIZACIÓN Y CONTROL REGIÓN INTERIOR SUR,Decreto 275/2021,https://normas.gba.gob.ar/ar-b/decreto/2021/275/238545,17/05/2021,http://www.mseg.gba.gov.ar/,GALLARDO,Sergio Oscar,Masculino,Resolución 1272/2026 del Ministerio de Seguridad,https://normas.gba.gob.ar/ar-b/resolucion/2026/1272/596534,01/05/2026
DIRECCIÓN DE CONTROL DE OPERACIONES E INSPECCIÓN REGIÓN INTERIOR CENTRO,Ministerio de Seguridad,DIRECCIÓN PROVINCIAL DE FISCALIZACIÓN Y CONTROL REGIÓN INTERIOR CENTRO,Decreto 275/2021,https://normas.gba.gob.ar/ar-b/decreto/2021/275/238545,17/05/2021,http://www.mseg.gba.gov.ar/,TILLI SANCHEZ,Mariano Carlos,Masculino,Resolución 485/2024 del Ministerio de Seguridad,https://normas.gba.gob.ar/ar-b/resolucion/2024/485/423944,01/01/2024
DIRECCIÓN DE COORDINACIÓN MUNICIPAL Y CONTROL RURAL REGIÓN INTERIOR CENTRO,Ministerio de Seguridad,DIRECCIÓN PROVINCIAL DE FISCALIZACIÓN Y CONTROL REGIÓN INTERIOR CENTRO,Decreto 275/2021,https://normas.gba.gob.ar/ar-b/decreto/2021/275/238545,17/05/2021,http://www.mseg.gba.gov.ar/,FREDERIC,Silvana,Femenino,Resolución 1937/2024 del Ministerio de Seguridad,https://normas.gba.gob.ar/ar-b/resolucion/2024/1937/458538,01/09/2024
DIRECCIÓN DE CONTROL DE OPERACIONES E INSPECCIÓN REGIÓN INTERIOR OESTE I,Ministerio de Seguridad,DIRECCIÓN PROVINCIAL DE FISCALIZACIÓN Y CONTROL REGIÓN INTERIOR OESTE I,Decreto 275/2021,https://normas.gba.gob.ar/ar-b/decreto/2021/275/238545,17/05/2021,http://www.mseg.gba.gov.ar/,LOPEZ,Esteban Gabriel,Masculino,Resolución 1230/2021 del Ministerio de Seguridad,https://normas.gba.gov.ar/documentos/VmRaOkcd.pdf,01/06/2021
DIRECCIÓN DE COORDINACIÓN MUNICIPAL Y CONTROL RURAL REGIÓN INTERIOR OESTE I,Ministerio de Seguridad,DIRECCIÓN PROVINCIAL DE FISCALIZACIÓN Y CONTROL REGIÓN INTERIOR OESTE I,Decreto 275/2021,https://normas.gba.gob.ar/ar-b/decreto/2021/275/238545,17/05/2021,http://www.mseg.gba.gov.ar/, BUCEK, Guillermo Javier ,Masculino,Resolución 2288/2026 del Ministerio de Seguridad,https://normas.gba.gob.ar/ar-b/resolucion/2026/2288/618337,04/08/2026
DIRECCIÓN DE CONTROL DE OPERACIONES E INSPECCIÓN REGIÓN INTERIOR OESTE II,Ministerio de Seguridad,DIRECCIÓN PROVINCIAL DE FISCALIZACIÓN Y CONTROL REGIÓN INTERIOR OESTE II,Decreto 275/2021,https://normas.gba.gob.ar/ar-b/decreto/2021/275/238545,17/05/2021,http://www.mseg.gba.gov.ar/,DE PAZ,Luis Gonzalo,Masculino,Resolución 394/2025 del Ministerio de Seguridad,https://normas.gba.gob.ar/ar-b/resolucion/2025/394/501517,01/02/2025
DIRECCIÓN DE COORDINACIÓN MUNICIPAL Y CONTROL RURAL REGIÓN INTERIOR OESTE II,Ministerio de Seguridad,DIRECCIÓN PROVINCIAL DE FISCALIZACIÓN Y CONTROL REGIÓN INTERIOR OESTE II,Decreto 275/2021,https://normas.gba.gob.ar/ar-b/decreto/2021/275/238545,17/05/2021,http://www.mseg.gba.gov.ar/,MULET, Julieta,Femenino,Resolución 270/2026 del Ministerio de Seguridad,https://normas.gba.gob.ar/ar-b/resolucion/2026/270/568584,01/01/2026
DIRECCIÓN DE CONTROL DE OPERACIONES E INSPECCIÓN REGIÓN INTERIOR NORTE I,Ministerio de Seguridad,DIRECCIÓN PROVINCIAL DE FISCALIZACIÓN Y CONTROL REGIÓN INTERIOR NORTE I,Decreto 275/2021,https://normas.gba.gob.ar/ar-b/decreto/2021/275/238545,17/05/2021,http://www.mseg.gba.gov.ar/,ANTONELLI,César Blas,Masculino,Resolución 1625/2024 del Ministerio de Seguridad,https://normas.gba.gob.ar/ar-b/resolucion/2024/1625/449213,01/06/2024
DIRECCIÓN DE COORDINACIÓN MUNICIPAL Y CONTROL RURAL REGIÓN INTERIOR NORTE I,Ministerio de Seguridad,DIRECCIÓN PROVINCIAL DE FISCALIZACIÓN Y CONTROL REGIÓN INTERIOR NORTE I,Decreto 275/2021,https://normas.gba.gob.ar/ar-b/decreto/2021/275/238545,17/05/2021,http://www.mseg.gba.gov.ar/,,,,,,
DIRECCIÓN DE CONTROL DE OPERACIONES E INSPECCIÓN REGIÓN INTERIOR NORTE II,Ministerio de Seguridad,DIRECCIÓN PROVINCIAL DE FISCALIZACIÓN Y CONTROL REGIÓN INTERIOR NORTE II,Decreto 275/2021,https://normas.gba.gob.ar/ar-b/decreto/2021/275/238545,17/05/2021,http://www.mseg.gba.gov.ar/,BURGOS FALLER,Andrea Isabel,Femenino,Resolución 1745/2025 del Ministerio de Seguridad,https://normas.gba.gob.ar/ar-b/resolucion/2025/1745/534094,01/08/2025
DIRECCIÓN DE COORDINACIÓN MUNICIPAL Y CONTROL RURAL REGIÓN INTERIOR NORTE II,Ministerio de Seguridad,DIRECCIÓN PROVINCIAL DE FISCALIZACIÓN Y CONTROL REGIÓN INTERIOR NORTE II,Decreto 275/2021,https://normas.gba.gob.ar/ar-b/decreto/2021/275/238545,17/05/2021,http://www.mseg.gba.gov.ar/,,,,,,
Dirección de Sanidad,Ministerio de Seguridad,DIRECCIÓN PROVINCIAL DE PROMOCIÓN DE LA SALUD DEL PERSONAL POLICIAL,Decreto 275/2021,https://normas.gba.gob.ar/ar-b/decreto/2021/275/238545,17/05/2021,http://www.mseg.gba.gov.ar/,YUNES,Miguel Ángel,Masculino,Resolución 1158/2025 del Ministerio de Seguridad,https://normas.gba.gob.ar/ar-b/resolucion/2025/1158/519156,17/03/2025
DIRECCIÓN DE PLANES Y PROGRAMAS DE SALUD,Ministerio de Seguridad,DIRECCIÓN PROVINCIAL DE PROMOCIÓN DE LA SALUD DEL PERSONAL POLICIAL,Decreto 275/2021,https://normas.gba.gob.ar/ar-b/decreto/2021/275/238545,17/05/2021,http://www.mseg.gba.gov.ar/,SALVATORE, Roxana Alejandra,Femenino,Resolución 1158/2025 del Ministerio de Seguridad,https://normas.gba.gob.ar/ar-b/resolucion/2025/1158/519156,20/02/2025
Dirección de Protocolos de Comunicación,Ministerio de Seguridad,Dirección Provincial de la Central de Atención Telefónica de Emergencia 911,Decreto 275/2021,https://normas.gba.gob.ar/ar-b/decreto/2021/275/238545,17/05/2021,http://www.mseg.gba.gov.ar/,SUEIRO,Lorena Elizabeth,Femenino,Resolución 232/2025 del Ministerio de Seguridad,https://normas.gba.gob.ar/ar-b/resolucion/2025/232/494554,01/02/2025
Dirección de Análisis de las Comunicaciones,Ministerio de Seguridad,Dirección Provincial de la Central de Atención Telefónica de Emergencia 911,Decreto 275/2021,https://normas.gba.gob.ar/ar-b/decreto/2021/275/238545,17/05/2021,http://www.mseg.gba.gov.ar/,POLICANO,Karina Norma Andrea,Femenino,Resolución 232/2025 del Ministerio de Seguridad,https://normas.gba.gob.ar/ar-b/resolucion/2025/232/494554,01/02/2025
Dirección de Atención de Emergencias,Ministerio de Seguridad,Dirección Provincial de la Central de Atención Telefónica de Emergencia 911,Decreto 275/2021,https://normas.gba.gob.ar/ar-b/decreto/2021/275/238545,17/05/2021,http://www.mseg.gba.gov.ar/,VIOLINI,Leonardo Martín,Masculino,Resolución 232/2025 del Ministerio de Seguridad,https://normas.gba.gob.ar/ar-b/resolucion/2025/232/494554,01/02/2025
Dirección de Gestión y Coordinación Administrativa,Ministerio de Seguridad,Dirección Provincial de la Central de Atención Telefónica de Emergencia 911,Decreto 275/2021,https://normas.gba.gob.ar/ar-b/decreto/2021/275/238545,17/05/2021,http://www.mseg.gba.gov.ar/,JASA,Sofía Evangelina,Femenino,Resolución 232/2025 del Ministerio de Seguridad,https://normas.gba.gob.ar/ar-b/resolucion/2025/232/494554,01/02/2025
DIRECCIÓN DE INTEGRACIÓN DIGITAL,Ministerio de Seguridad,DIRECCIÓN PROVINCIAL DE INTEGRACIÓN DIGITAL,Decreto 275/2021,https://normas.gba.gob.ar/ar-b/decreto/2021/275/238545,17/05/2021,http://www.mseg.gba.gov.ar/,RODRIGUEZ,José María,Masculino,Resolución 1352/2021 del Ministerio de Seguridad,https://normas.gba.gov.ar/documentos/04Q9yMiN.pdf,01/06/2021
DIRECCIÓN DE CONTROL TECNOLÓGICO OPERATIVO,Ministerio de Seguridad,DIRECCIÓN PROVINCIAL DE INTEGRACIÓN DIGITAL,Decreto 275/2021,https://normas.gba.gob.ar/ar-b/decreto/2021/275/238545,17/05/2021,http://www.mseg.gba.gov.ar/,ALMEIDA, Esteban Gabriel,Masculino,Resolución 1397/2026 del Ministerio de Seguridad,https://normas.gba.gob.ar/ar-b/resolucion/2026/1397/599453,01/05/2026
DIRECCIÓN DE ANÁLISIS Y DESARROLLO DE APLICACIONES,Ministerio de Seguridad,DIRECCIÓN GENERAL DE INFORMÁTICA,Decreto 275/2021,https://normas.gba.gob.ar/ar-b/decreto/2021/275/238545,17/05/2021,http://www.mseg.gba.gov.ar/,YARZA,Gastón,Masculino,Resolución 3018/2022 del Ministerio de Seguridad,https://normas.gba.gob.ar/documentos/Bj6Rnntw.pdf,01/10/2022
DIRECCIÓN DE SOPORTE A USUARIOS Y LOGÍSTICA,Ministerio de Seguridad,DIRECCIÓN GENERAL DE INFORMÁTICA,Decreto 275/2021,https://normas.gba.gob.ar/ar-b/decreto/2021/275/238545,17/05/2021,http://www.mseg.gba.gov.ar/,CELIS CALLEJA, Mayra Natalín,Femenino,Resolución 488/2024 del Ministerio de Seguridad,https://normas.gba.gob.ar/ar-b/resolucion/2024/488/423949,01/02/2024
DIRECCIÓN DE SEGURIDAD INFORMÁTICA E INFRAESTRUCTURA,Ministerio de Seguridad,DIRECCIÓN GENERAL DE INFORMÁTICA,Decreto 275/2021,https://normas.gba.gob.ar/ar-b/decreto/2021/275/238545,17/05/2021,http://www.mseg.gba.gov.ar/,CORREA,Emiliano Martín ,Masculino,Resolución 2725/2025 del Ministerio de Seguridad,https://normas.gba.gob.ar/ar-b/resolucion/2025/2725/554947,01/11/2025
DIRECCIÓN DE PROYECTOS Y CONTROL DE GESTIÓN,Ministerio de Seguridad,DIRECCIÓN PROVINCIAL DE INNOVACIÓN TECNOLÓGICA,Decreto 275/2021,https://normas.gba.gob.ar/ar-b/decreto/2021/275/238545,17/05/2021,http://www.mseg.gba.gov.ar/,SARDELLA,María Agustina,Femenino,Resolución 2282/2024 del Ministerio de Seguridad,https://normas.gba.gob.ar/ar-b/resolucion/2024/2282/467498,16/10/2024
DIRECCIÓN DE FORTALECIMIENTO TECNOLÓGICO,Ministerio de Seguridad,DIRECCIÓN PROVINCIAL DE INNOVACIÓN TECNOLÓGICA,Decreto 275/2021,https://normas.gba.gob.ar/ar-b/decreto/2021/275/238545,17/05/2021,http://www.mseg.gba.gov.ar/,GRIMBERG,Damián,Masculino,Resolución 1302/2026 del Ministerio de Seguridad,https://normas.gba.gob.ar/ar-b/resolucion/2026/1302/598032,01/05/2026
Dirección de Modernización y Planificación de la Seguridad Privada,Ministerio de Seguridad,Dirección Provincial para la Gestión de la Seguridad Privada,Decreto 275/2021,https://normas.gba.gob.ar/ar-b/decreto/2021/275/238545,17/05/2021,http://www.mseg.gba.gov.ar/,MOULINS, María Agustina,Femenino,Resolución 114/2025 del Ministerio de Seguridad,https://normas.gba.gob.ar/ar-b/resolucion/2025/114/488888,01/01/2025
Dirección de Habilitaciones de la Seguridad Privada,Ministerio de Seguridad,Dirección Provincial para la Gestión de la Seguridad Privada,Decreto 275/2021,https://normas.gba.gob.ar/ar-b/decreto/2021/275/238545,17/05/2021,http://www.mseg.gba.gov.ar/,UGOLINI JULIEN,Agustina,Femenino,Resolución 2974/2024 del Ministerio de Seguridad,https://normas.gba.gob.ar/ar-b/resolucion/2024/2974/481234,01/12/2024
Dirección de Fiscalización de la Seguridad Privada,Ministerio de Seguridad,Dirección Provincial para la Gestión de la Seguridad Privada,Decreto 275/2021,https://normas.gba.gob.ar/ar-b/decreto/2021/275/238545,17/05/2021,http://www.mseg.gba.gov.ar/,BARCENA,Santiago Daniel,Masculino,Resolución 2974/2024 del Ministerio de Seguridad,https://normas.gba.gob.ar/ar-b/resolucion/2024/2974/481234,01/12/2024
Dirección del Registro de Controladores de Admisión y Permanencia,Ministerio de Seguridad,Dirección Provincial para la Gestión de la Seguridad Privada,Decreto 275/2021,https://normas.gba.gob.ar/ar-b/decreto/2021/275/238545,17/05/2021,http://www.mseg.gba.gov.ar/,REYNOSO,Juan Cruz,Masculino,Resolución 2879/2024 del Ministerio de Seguridad,https://normas.gba.gob.ar/ar-b/resolucion/2024/2879/479305,06/12/2024
DIRECCIÓN DE REGISTRO PROVINCIAL DE ARMAS (RE.P.AR.),Ministerio de Seguridad,DIRECCIÓN PROVINCIAL DE GESTIÓN DE REGISTROS,Decreto 275/2021,https://normas.gba.gob.ar/ar-b/decreto/2021/275/238545,17/05/2021,http://www.mseg.gba.gov.ar/,VERA GARCIA, Santiago,Masculino,Resolución 1438/2025 del Ministerio de Seguridad,https://normas.gba.gob.ar/ar-b/resolucion/2025/1438/525871,01/07/2025
DIRECCIÓN DE PLANTAS DE VERIFICACIÓN AUTOMOTOR,Ministerio de Seguridad,DIRECCIÓN PROVINCIAL DE GESTIÓN DE REGISTROS,Decreto 275/2021,https://normas.gba.gob.ar/ar-b/decreto/2021/275/238545,17/05/2021,http://www.mseg.gba.gov.ar/,MARTINEZ,Melisa Noelia,Femenino,Resolución 1729/2026 del Ministerio de Seguridad,https://normas.gba.gob.ar/ar-b/resolucion/2026/1729/605494,01/05/2026
DIRECCIÓN DE FISCALIZACIÓN DEL REGISTRO Y VERIFICACIÓN DE AUTOPARTES,Ministerio de Seguridad,DIRECCIÓN PROVINCIAL DE GESTIÓN DE REGISTROS,Decreto 275/2021,https://normas.gba.gob.ar/ar-b/decreto/2021/275/238545,17/05/2021,http://www.mseg.gba.gov.ar/,FUNES,Federico Alejo,Masculino,Resolución 1303/2026 del Ministerio de Seguridad,https://normas.gba.gob.ar/ar-b/resolucion/2026/1303/598049,01/04/2026
DIRECCIÓN DE COORDINACIÓN DEL REGISTRO Y CONTROL DE LA COMERCIALIZACIÓN DE BEBIDAS ALCOHÓLICAS,Ministerio de Seguridad,DIRECCIÓN PROVINCIAL DE GESTIÓN DE REGISTROS,Decreto 275/2021,https://normas.gba.gob.ar/ar-b/decreto/2021/275/238545,17/05/2021,http://www.mseg.gba.gov.ar/, ELORRIAGA,Felicitas,Femenino,Resolución 1439/2025 del Ministerio de Seguridad,https://normas.gba.gob.ar/ar-b/resolucion/2025/1439/525872,01/07/2025
DIRECCIÓN DE FISCALIZACIÓN DEL REGISTRO Y CONTROL DE LA COMERCIALIZACIÓN DE BEBIDAS ALCOHÓLICAS,Ministerio de Seguridad,DIRECCIÓN PROVINCIAL DE GESTIÓN DE REGISTROS,Decreto 275/2021,https://normas.gba.gob.ar/ar-b/decreto/2021/275/238545,17/05/2021,http://www.mseg.gba.gov.ar/,"_,_","_,_",Femenino,,,
Dirección de Administración,Ministerio de Seguridad,Vicepresidencia,Ley 13236,https://normas.gba.gob.ar/documentos/xAzabfRB.pdf,15/10/2004,https://www.cajapolicia.gob.ar/,TEISEIRA,Leandro Carlos,Masculino,"Resolución 105929/2017 de la Caja de Retiros, Jubilaciones y Pensiones",https://normas.gba.gob.ar/ar-b/resolucion/2017/105929/363723,
Dirección de Asuntos Jurídicos,Ministerio de Seguridad,Vicepresidencia,Ley 13236,https://normas.gba.gob.ar/documentos/xAzabfRB.pdf,15/10/2004,https://www.cajapolicia.gob.ar/,SVANE, Eduardo,Masculino,"Resolución 21455/2022 de la Caja de Retiros, Jubilaciones y Pensiones",https://normas.gba.gob.ar/ar-b/resolucion/2022/21455/363721,
Dirección Técnico Previsional,Ministerio de Seguridad,Vicepresidencia,Ley 13236,https://normas.gba.gob.ar/documentos/xAzabfRB.pdf,15/10/2004,https://www.cajapolicia.gob.ar/,NEUENBURG,Patricio Edgardo,Masculino,"Resolución 118300/2020 de la Caja de Retiros, Jubilaciones y Pensiones",https://normas.gba.gob.ar/ar-b/resolucion/2020/118300/363716,
SUPERINTENDENCIA DE SEGURIDAD REGIÓN (AMBA) NORTE I,Ministerio de Seguridad,SUBJEFATURA DE POLICÍA,Resolución 219/2020 del Ministerio de Seguridad,https://normas.gba.gob.ar/ar-b/resolucion/2020/219/211918,15/04/2020,https://www.mseg.gba.gov.ar/,,,,,,
SUPERINTENDENCIA DE SEGURIDAD REGIÓN (AMBA) NORTE II,Ministerio de Seguridad,SUBJEFATURA DE POLICÍA,Resolución 219/2020 del Ministerio de Seguridad,https://normas.gba.gob.ar/ar-b/resolucion/2020/219/211918,15/04/2020,https://www.mseg.gba.gov.ar/,GUILLEN ,Christian Luciano,Masculino,Resolución 342/2020 del Ministerio de Seguridad,https://normas.gba.gob.ar/ar-b/resolucion/2020/342/212612,07/05/2020
SUPERINTENDENCIA DE SEGURIDAD REGIÓN (AMBA) OESTE I,Ministerio de Seguridad,SUBJEFATURA DE POLICÍA,Resolución 219/2020 del Ministerio de Seguridad,https://normas.gba.gob.ar/ar-b/resolucion/2020/219/211918,15/04/2020,https://www.mseg.gba.gov.ar/,FERREYRA ,César Gonzalo ,Masculino,Resolución 945/2022 del Ministerio de Seguridad,https://normas.gba.gob.ar/ar-b/resolucion/2022/945/304102,30/03/2022
SUPERINTENDENCIA DE SEGURIDAD REGIÓN (AMBA) OESTE II,Ministerio de Seguridad,SUBJEFATURA DE POLICÍA,Resolución 219/2020 del Ministerio de Seguridad,https://normas.gba.gob.ar/ar-b/resolucion/2020/219/211918,15/04/2020,https://www.mseg.gba.gov.ar/,,,,,,
SUPERINTENDENCIA DE SEGURIDAD REGIÓN (AMBA) SUR I,Ministerio de Seguridad,SUBJEFATURA DE POLICÍA,Resolución 219/2020 del Ministerio de Seguridad,https://normas.gba.gob.ar/ar-b/resolucion/2020/219/211918,15/04/2020,https://www.mseg.gba.gov.ar/,_____,_,Masculino,,,
SUPERINTENDENCIA DE SEGURIDAD REGIÓN (AMBA) SUR II,Ministerio de Seguridad,SUBJEFATURA DE POLICÍA,Resolución 219/2020 del Ministerio de Seguridad,https://normas.gba.gob.ar/ar-b/resolucion/2020/219/211918,15/04/2020,https://www.mseg.gba.gov.ar/,ACUNA REGALINI ,Andrés David ,Masculino,Resolución 1739/2021 del Ministerio de Seguridad,https://normas.gba.gob.ar/ar-b/resolucion/2021/1739/263750,07/12/2022
SUPERINTENDENCIA DE REGIÓN  CAPITAL I,Ministerio de Seguridad,SUBJEFATURA DE POLICÍA,Resolución 219/2020 del Ministerio de Seguridad,https://normas.gba.gob.ar/ar-b/resolucion/2020/219/211918,15/04/2020,https://www.mseg.gba.gov.ar/,,,,,,
SUPERINTENDENCIA DE REGIÓN CAPITAL II,Ministerio de Seguridad,SUBJEFATURA DE POLICÍA,Resolución 219/2020 del Ministerio de Seguridad,https://normas.gba.gob.ar/ar-b/resolucion/2020/219/211918,15/04/2020,https://www.mseg.gba.gov.ar/,,,,,,
SUPERINTENDENCIA DE REGIÓN  ATLÁNTICA I,Ministerio de Seguridad,SUBJEFATURA DE POLICÍA,Resolución 219/2020 del Ministerio de Seguridad,https://normas.gba.gob.ar/ar-b/resolucion/2020/219/211918,15/04/2020,https://www.mseg.gba.gov.ar/,JAIME,Jesús Javier,Masculino,Resolución 676/2023 del Ministerio de Seguridad,https://normas.gba.gob.ar/ar-b/resolucion/2023/676/399189,07/12/2022
UPERINTENDENCIA DE REGIÓN ATLÁNTICA II,Ministerio de Seguridad,SUBJEFATURA DE POLICÍA,Resolución 219/2020 del Ministerio de Seguridad,https://normas.gba.gob.ar/ar-b/resolucion/2020/219/211918,15/04/2020,https://www.mseg.gba.gov.ar/,,,,,,
SUPERINTENDENCIA DE REGIÓN INTERIOR SUR,Ministerio de Seguridad,SUBJEFATURA DE POLICÍA,Resolución 219/2020 del Ministerio de Seguridad,https://normas.gba.gob.ar/ar-b/resolucion/2020/219/211918,15/04/2020,https://www.mseg.gba.gov.ar/,CAMINADA,Aldo Fabián ,Masculino,Resolución 342/2020 del Ministerio de Seguridad,https://normas.gba.gob.ar/ar-b/resolucion/2020/342/212612,02/03/2022
SUPERINTENDENCIA DE REGIÓN INTERIOR CENTRO,Ministerio de Seguridad,SUBJEFATURA DE POLICÍA,Resolución 219/2020 del Ministerio de Seguridad,https://normas.gba.gob.ar/ar-b/resolucion/2020/219/211918,15/04/2020,https://www.mseg.gba.gov.ar/,,,,,,
SUPERINTENDENCIA DE REGIÓN INTERIOR OESTE I,Ministerio de Seguridad,SUBJEFATURA DE POLICÍA,Resolución 219/2020 del Ministerio de Seguridad,https://normas.gba.gob.ar/ar-b/resolucion/2020/219/211918,15/04/2020,https://www.mseg.gba.gov.ar/,MONTANEZ,Carlos Gustavo,Masculino,Resolución 342/2020 del Ministerio de Seguridad,https://normas.gba.gob.ar/ar-b/resolucion/2020/342/212612,07/05/2022
SUPERINTENDENCIA DE REGIÓN INTERIOR OESTE II,Ministerio de Seguridad,SUBJEFATURA DE POLICÍA,Resolución 219/2020 del Ministerio de Seguridad,https://normas.gba.gob.ar/ar-b/resolucion/2020/219/211918,15/04/2020,https://www.mseg.gba.gov.ar/,GIL,José Ismael ,Masculino,Resolución 342/2020 del Ministerio de Seguridad,https://normas.gba.gob.ar/ar-b/resolucion/2020/342/212612,07/05/2020
SUPERINTENDENCIA DE REGIÓN INTERIOR NORTE I,Ministerio de Seguridad,SUBJEFATURA DE POLICÍA,Resolución 219/2020 del Ministerio de Seguridad,https://normas.gba.gob.ar/ar-b/resolucion/2020/219/211918,15/04/2020,https://www.mseg.gba.gov.ar/,FERNANDEZ MAMANI ,Walter Juan ,Masculino,Resolución 945/2022 del Ministerio de Seguridad,https://normas.gba.gob.ar/ar-b/resolucion/2022/945/304102,30/03/2022
SUPERINTENDENCIA DE REGIÓN INTERIOR NORTE II,Ministerio de Seguridad,SUBJEFATURA DE POLICÍA,Resolución 219/2020 del Ministerio de Seguridad,https://normas.gba.gob.ar/ar-b/resolucion/2020/219/211918,15/04/2020,https://www.mseg.gba.gov.ar/,MONFORT,Jorge Antonio,Masculino,Resolución 1173/2020 del Ministerio de Seguridad,https://normas.gba.gob.ar/ar-b/resolucion/2020/1173/219889,18/09/2023
DIRECCIÓN DE DELEGACIÓN DE AUDITORÍA SUMARIAL I,Ministerio de Seguridad,AUDITORÍA SUMARIAL I,Decreto 2369/2022,https://normas.gba.gob.ar/documentos/0XRN9bcd.pdf,11/01/2023,http://www.mseg.gba.gov.ar/,,,,,,
DIRECCIÓN ADMINISTRATIVA Y LOGÍSTICA I,Ministerio de Seguridad,AUDITORÍA SUMARIAL I,Decreto 2369/2022,https://normas.gba.gob.ar/documentos/0XRN9bcd.pdf,11/01/2023,http://www.mseg.gba.gov.ar/,GALVAN,Sabrina Lorena,Femenino,Resolución 2888/2024 del Ministerio de Seguridad,https://normas.gba.gob.ar/ar-b/resolucion/2024/2888/479330,22/10/2024
DIRECCIÓN DE DELEGACIÓN DE AUDITORÍA SUMARIAL II,Ministerio de Seguridad,AUDITORÍA SUMARIAL II,Decreto 2369/2022,https://normas.gba.gob.ar/documentos/0XRN9bcd.pdf,11/01/2023,http://www.mseg.gba.gov.ar/,ROBERTS,Daniela Vanesa,Femenino,Resolución 2142/2025 del Ministerio de Seguridad,https://normas.gba.gob.ar/ar-b/resolucion/2025/2142/542609,01/09/2025
DIRECCIÓN ADMINISTRATIVA Y LOGÍSTICA II,Ministerio de Seguridad,AUDITORÍA SUMARIAL II,Decreto 2369/2022,https://normas.gba.gob.ar/documentos/0XRN9bcd.pdf,11/01/2023,http://www.mseg.gba.gov.ar/,,,,,,
DIRECCIÓN DE DELEGACIÓN DE AUDITORÍA SUMARIAL III,Ministerio de Seguridad,AUDITORÍA SUMARIAL III,Decreto 2369/2022,https://normas.gba.gob.ar/documentos/0XRN9bcd.pdf,11/01/2023,http://www.mseg.gba.gov.ar/,JARA,Giselle Regina Magali,Femenino,Resolución 95/2024 del Ministerio de Seguridad,https://normas.gba.gob.ar/ar-b/resolucion/2024/95/413698,01/01/2024
DIRECCIÓN ADMINISTRATIVA Y LOGÍSTICA III,Ministerio de Seguridad,AUDITORÍA SUMARIAL III,Decreto 2369/2022,https://normas.gba.gob.ar/documentos/0XRN9bcd.pdf,11/01/2023,http://www.mseg.gba.gov.ar/,,,,,,
DIRECCIÓN DE DELEGACIÓN DE AUDITORÍA SUMARIAL IV,Ministerio de Seguridad,AUDITORÍA SUMARIAL IV,Decreto 2369/2022,https://normas.gba.gob.ar/documentos/0XRN9bcd.pdf,11/01/2023,http://www.mseg.gba.gov.ar/,ROJO,Jeremías,Masculino,Resolución 1577/2025 del Ministerio de Seguridad,https://normas.gba.gob.ar/ar-b/resolucion/2025/1577/530911,01/08/2025
DIRECCIÓN ADMINISTRATIVA Y LOGÍSTICA IV,Ministerio de Seguridad,AUDITORÍA SUMARIAL IV,Decreto 2369/2022,https://normas.gba.gob.ar/documentos/0XRN9bcd.pdf,11/01/2023,http://www.mseg.gba.gov.ar/,,,,,,
INSTRUCTOR DE ASUNTOS INTERNOS (RES. 47/22),Ministerio de Seguridad,Instructor de Asuntos Internos (Res. 2213/22),Decreto 275/2021,https://normas.gba.gob.ar/ar-b/decreto/2021/275/238545,17/05/2021,http://www.mseg.gba.gov.ar/,_____,_,Masculino,,,
INSTRUCTOR DE ASUNTOS INTERNOS (RES. 1924/21),Ministerio de Seguridad,Instructor de Asuntos Internos (Res. 3121/22),Decreto 275/2021,https://normas.gba.gob.ar/ar-b/decreto/2021/275/238545,17/05/2021,http://www.mseg.gba.gov.ar/, MUSICH,María Florencia,Femenino,Resolución 1924/2021 del Ministerio de Seguridad,https://normas.gba.gob.ar/ar-b/resolucion/2021/1924/267702,01/10/2021
Instructor de Asuntos Internos (Res. 1906/23),Ministerio de Seguridad,Instructor de Asuntos Internos (Res. 573/23),Decreto 275/2021,https://normas.gba.gob.ar/ar-b/decreto/2021/275/238545,17/05/2021,http://www.mseg.gba.gov.ar/,CERESA,Blas Alberto,Masculino,Resolución 1906/2023 del Ministerio de Seguridad,https://normas.gba.gob.ar/ar-b/resolucion/2023/1906/379678,01/07/2023
Instructor de Asuntos Internos (Res. 1237/24),Ministerio de Seguridad,Instructor de Asuntos Internos (Res. 574/23),Decreto 275/2021,https://normas.gba.gob.ar/ar-b/decreto/2021/275/238545,17/05/2021,http://www.mseg.gba.gov.ar/,AJAMIL,Roberto Andrés,Masculino,Resolución 1237/2024 del Ministerio de Seguridad,https://normas.gba.gob.ar/ar-b/resolucion/2024/1237/440600,15/04/2024
Instructor de Asuntos Internos (Res. 834/20),Ministerio de Seguridad,Instructor de Asuntos Internos (Res. 601/23),Decreto 275/2021,https://normas.gba.gob.ar/ar-b/decreto/2021/275/238545,17/05/2021,http://www.mseg.gba.gov.ar/,PUCCI,María Florencia,Femenino,Resolución 834/2020 del Ministerio de Seguridad,https://normas.gba.gob.ar/ar-b/resolucion/2020/834/215606,01/06/2020
Instructor de Asuntos Internos (Res. 2142/25),Ministerio de Seguridad,Instructor de Asuntos Internos (Res. 1577/25),Decreto 275/2021,https://normas.gba.gob.ar/ar-b/decreto/2021/275/238545,17/05/2021,http://www.mseg.gba.gov.ar/,CASELLA,Natalia Soledad,Femenino,Resolución 2142/2025 del Ministerio de Seguridad,https://normas.gba.gob.ar/ar-b/resolucion/2025/2142/542609,10/09/2025
Instructor de Asuntos Internos (Res. 719/23),Ministerio de Seguridad,Instructor de Asuntos Internos (Res. 655/23),Decreto 275/2021,https://normas.gba.gob.ar/ar-b/decreto/2021/275/238545,17/05/2021,http://www.mseg.gba.gov.ar/,DIAZ,Silvana Daniela,Femenino,Resolución 719/2023 del Ministerio de Seguridad,https://normas.gba.gob.ar/ar-b/resolucion/2023/719/353933,01/03/2023
Instructor de Asuntos Internos (Res. 735/23),Ministerio de Seguridad,Instructor de Asuntos Internos (Res. 1820/22),Decreto 275/2021,https://normas.gba.gob.ar/ar-b/decreto/2021/275/238545,17/05/2021,http://www.mseg.gba.gov.ar/,RIVES,Julio Andrés,Femenino,Resolución 735/2023 del Ministerio de Seguridad,https://normas.gba.gob.ar/ar-b/resolucion/2023/735/353799,01/03/2023
Instructor de Asuntos Internos (Res. 1906/23),Ministerio de Seguridad,Instructor de Asuntos Internos (Res. 886/23),Decreto 275/2021,https://normas.gba.gob.ar/ar-b/decreto/2021/275/238545,17/05/2021,https://www.mseg.gba.gov.ar/,CATENA,Antonela,Femenino,Resolución 1906/2023 del Ministerio de Seguridad,https://normas.gba.gob.ar/ar-b/resolucion/2023/1906/379678,01/07/2023
Instructor de Asuntos Internos (Res.608/25),Ministerio de Seguridad,Instructor de Asuntos Internos (Res. 719/24),Decreto 275/2021,https://normas.gba.gob.ar/ar-b/decreto/2021/275/238545,17/05/2021,http://www.mseg.gba.gov.ar/,DIAZ,Romina Soledad,Femenino,Resolución 608/2025 del Ministerio de Seguridad,https://normas.gba.gob.ar/ar-b/resolucion/2025/608/506780,01/04/2025
